date,time,runtime,cache hitrate,GB processed,PDUs processed,base bps,Total Time in PCAPs,capfolder,source,poi,subnet,port,bitlength,rounding,muxBy,muxN,ecc,multipointer,oood,deskew,# MATCHES,MATCH CYCLES,BPS,BPS%,STEG BANDWIDTH,B ON WIRE,CAF,DISTANCE,Comment
2024-05-11,07:25:49,15:00:19.562199,16.14%,9.5,161035244,90662447,900.001841,pcap-WAN1-all,IPD,port,0.0.0.0/32,23,3,6,iphash,1,hamming,8,8,sha3,223.756.032,1979904,745851,0.008227,4,166666667,671268096,0.19,0,72,WAN port best bps, V8.0
2024-05-08,13:29:01,0:44:46.770963,31.08%,2.31,5177087,206300,96342.567219,pcap-LAN-all,IPD,broadcast_domain,10.0.0.0/24,-,2,6,none,0,hamming,8,8,sha3,7.279.360,43008,151,0.000732,2,816901408,14558720,0.12,0,71,LAN best bps, V8.0
2024-05-16,23:55:11,14:06:14.547921,3.74%,9.5,161035244,90662447,900.001841,pcap-WAN1-all,ICD,all,0.0.0.0/32,-,2,6,baseipd,1,none,2,0,sha3,98.580.421,2293,219067,0.002416,1,226993865,197160842,1.0,1,63,WAN, V8.2
2024-05-20,13:41:43,12:45:31.405715,3.74%,9.5,161035244,90662447,900.001841,pcap-WAN1-all,ICD,all,0.0.0.0/32,-,4,6,none,0,none,2,0,sha3,32421417,1508,144094,0.001589,0,804828974,129685668,2.0,4,97,WAN CAF=2 OTHER multi2, V8.3
2024-05-11,13:02:46,18:13:51.015158,89.04%,11.48,211810529,109537199,900.054465,pcap-WAN2-all,IPD,all,0.0.0.0/32,-,4,6,iphash,1,none,2,0,sha3,40.441.420,1881,179728,0.001641,0,763358779,161765680,2.0,5,24,WAN2 max CAF=2, V8.0
2024-05-09,14:05:49,23:09:04.088499,89.27%,9.5,161035244,90662447,900.001841,pcap-WAN1-all,IPD,all,0.0.0.0/32,-,4,6,iphash,8,none,2,0,sha3,26.631.947,1239,118363,0.001306,0,661157025,106527788,2.0,6,05,WAN best balance, V8.0
2024-05-13,22:40:13,0:36:44.160671,77.51%,2.31,5177087,206300,96342.567219,pcap-LAN-all,ISD,all,10.0.0.0/24,-,2,6,clockhash,8,none,0,0,sha3,1.293.146,30,26,0.000126,0,5,2586292,2.0,4,LAN, V8.1
2024-05-13,22:40:14,0:36:45.194958,77.51%,2.31,5177087,206300,96342.567219,pcap-LAN-all,ISD,all,10.0.0.0/24,-,2,6,clockhash,4,none,0,0,sha3,1.293.146,30,26,0.000126,0,5,2586292,2.0,4,LAN, V8.1
2024-05-13,22:40:37,0:37:08.604805,77.51%,2.31,5177087,206300,96342.567219,pcap-LAN-all,ISD,all,10.0.0.0/24,-,2,6,clockhash,1,none,0,0,sha3,1.293.146,30,26,0.000126,0,5,2586292,2.0,4,LAN, V8.1
2024-05-13,22:39:10,0:35:41.005433,79.10%,2.31,5177087,206300,96342.567219,pcap-LAN-all,ISD,all,10.0.0.0/24,-,2,6,none,0,none,0,0,sha3,1.294.551,30,26,0.000126,0,5,2589102,2.0,4,LAN, V8.1
2024-05-13,22:40:40,0:37:11.383022,62.46%,2.31,5177087,206300,96342.567219,pcap-LAN-all,ISD,all,10.0.0.0/24,-,2,6,baseipd,1,none,0,0,sha3,1.289.874,30,26,0.000126,0,498753117,2579748,2.0,4,01,LAN, V8.1
2024-05-28,01:38:53,8:14:52.546867,3.74%,9.5,161035244,90662447,900.001841,pcap-WAN1-all,ICD,all,0.0.0.0/32,-,2,6,none,0,inline-hamming+,0,0,sha3,39110499,909,86912,0.000959,0,49,78220998,2.0,4,12,WAN CAF=2 ICD iecc, V8.4
2024-05-15,19:59:16,13:51:49.531266,97.71%,9.5,161035244,90662447,900.001841,pcap-WAN1-all,ISD,all,0.0.0.0/32,-,2,6,iphash,8,none,0,0,sha3,39.168.295,911,87040,0.000960,0,486618005,78336590,2.0,4,11,WAN, V8.2
2024-05-20,02:10:00,13:47:45.602733,3.74%,9.5,161035244,90662447,900.001841,pcap-WAN1-all,ICD,all,0.0.0.0/32,-,2,6,none,0,none,0,0,sha3,39053103,908,86784,0.000957,0,485436893,78106206,2.0,4,12,WAN CAF=2 OTHER default, V8.3
2024-05-15,19:46:15,13:38:47.910426,99.99%,9.5,161035244,90662447,900.001841,pcap-WAN1-all,ISD,all,0.0.0.0/32,-,2,6,iphash,4,none,0,0,sha3,38.834.526,903,86298,0.000952,0,481927711,77669052,2.0,4,15,WAN, V8.2
2024-05-15,19:42:40,13:35:13.318287,100.00%,9.5,161035244,90662447,900.001841,pcap-WAN1-all,ISD,all,0.0.0.0/32,-,2,6,iphash,1,none,0,0,sha3,36.893.307,858,81984,0.000904,0,458715596,73786614,2.0,4,36,WAN, V8.2
2024-05-14,10:57:51,12:16:38.063669,100.00%,9.5,161035244,90662447,900.001841,pcap-WAN1-all,ISD,all,0.0.0.0/32,-,2,6,baseipd,1,none,0,0,sha3,36.681.506,853,81514,0.000899,0,455580866,73363012,2.0,4,39,WAN, V8.1
2024-05-14,10:54:25,12:12:09.360696,100.00%,9.5,161035244,90662447,900.001841,pcap-WAN1-all,ISD,all,0.0.0.0/32,-,2,6,clockhash,1,none,0,0,sha3,36.367.372,846,80816,0.000891,0,451467269,72734744,2.0,4,43,WAN, V8.1
2024-05-14,11:27:24,12:10:50.238593,100.00%,9.5,161035244,90662447,900.001841,pcap-WAN1-all,ISD,all,0.0.0.0/32,-,2,6,clockhash,4,none,0,0,sha3,36.367.372,846,80816,0.000891,0,451467269,72734744,2.0,4,43,WAN, V8.1
2024-05-14,11:36:13,12:19:33.203071,100.00%,9.5,161035244,90662447,900.001841,pcap-WAN1-all,ISD,all,0.0.0.0/32,-,2,6,clockhash,8,none,0,0,sha3,36.367.372,846,80816,0.000891,0,451467269,72734744,2.0,4,43,WAN, V8.1
2024-05-14,11:36:13,12:19:33.203071,100.00%,9.5,161035244,90662447,900.001841,pcap-WAN1-all,ISD,all,0.0.0.0/32,-,2,6,clockhash,8,none,0,0,sha3,36.367.372,846,80816,0.000891,0,451467269,72734744,2.0,4,43,WAN, V8.1
2024-05-24,06:14:04,14:44:33.706427,85.06%,9.5,161035244,90662447,900.001841,pcap-WAN1-all,IPD,all,0.0.0.0/32,-,2,6,iphash,16,none,0,0,sha3,35899284,835,79776,0.000880,0,445434298,71798568,2.0,4,49,WAN CAF=2 IPD mux16, V8.4
2024-05-22,11:12:53,13:00:09.123724,99.94%,9.5,161035244,90662447,900.001841,pcap-WAN1-all,IPD,all,0.0.0.0/32,-,2,6,iphash,8,none,0,0,sha3,35827743,833,79617,0.000878,0,445434298,71655486,2.0,4,49,WAN CAF=2 IPD mux8, V8.3
2024-05-24,06:03:57,14:34:27.139315,89.26%,9.5,161035244,90662447,900.001841,pcap-WAN1-all,IPD,all,0.0.0.0/32,-,2,6,iphash,32,none,0,0,sha3,35326698,821,78503,0.000866,0,44,70653396,2.0,4,56,WAN CAF=2 IPD mux32, V8.4
2024-05-24,06:07:19,14:37:48.607474,89.27%,9.5,161035244,90662447,900.001841,pcap-WAN1-all,IPD,all,0.0.0.0/32,-,2,6,iphash,64,none,0,0,sha3,35326698,821,78503,0.000866,0,44,70653396,2.0,4,56,WAN CAF=2 IPD mux64, V8.4
2024-05-22,11:09:33,12:56:48.928803,100.00%,9.5,161035244,90662447,900.001841,pcap-WAN1-all,IPD,all,0.0.0.0/32,-,2,6,iphash,4,none,0,0,sha3,34511971,802,76693,0.000846,0,428265525,69023942,2.0,4,67,WAN CAF=2 IPD mux4, V8.3
2024-05-20,16:58:51,16:02:17.784333,3.74%,9.5,161035244,90662447,900.001841,pcap-WAN1-all,ICD,all,0.0.0.0/32,-,8,6,none,0,none,4,0,sha3,8464512,787,75239,0.000830,0,420609884,67716096,2.0,19,02,WAN CAF=2 OTHER multi4, V8.3
2024-05-15,19:23:19,13:15:52.571603,100.00%,9.5,161035244,90662447,900.001841,pcap-WAN1-all,ISD,all,0.0.0.0/32,-,2,6,clockhash,4,hamming,0,0,sha3,31.133.253,724,69184,0.000763,0,386847195,62266506,2.0,5,17,WAN, V8.2
2024-05-15,19:14:24,13:06:56.795838,100.00%,9.5,161035244,90662447,900.001841,pcap-WAN1-all,ISD,all,0.0.0.0/32,-,2,6,clockhash,8,hamming,0,0,sha3,31.125.172,724,69166,0.000763,0,386847195,62250344,2.0,5,17,WAN, V8.2
2024-05-15,19:23:33,13:16:06.434965,100.00%,9.5,161035244,90662447,900.001841,pcap-WAN1-all,ISD,all,0.0.0.0/32,-,2,6,clockhash,1,hamming,0,0,sha3,31.125.172,724,69166,0.000763,0,386847195,62250344,2.0,5,17,WAN, V8.2
2024-05-22,11:10:39,12:57:55.126678,100.00%,9.5,161035244,90662447,900.001841,pcap-WAN1-all,IPD,all,0.0.0.0/32,-,2,6,iphash,2,none,0,0,sha3,31122500,724,69160,0.000763,0,386847195,62245000,2.0,5,17,WAN CAF=2 IPD mux2, V8.3
2024-05-15,20:07:04,13:59:36.990296,95.96%,9.5,161035244,90662447,900.001841,pcap-WAN1-all,ISD,all,0.0.0.0/32,-,2,6,iphash,8,hamming,0,0,sha3,30.381.376,706,67514,0.000745,0,377358491,60762752,2.0,5,3,WAN, V8.2
2024-05-14,11:33:38,12:16:50.836029,100.00%,9.5,161035244,90662447,900.001841,pcap-WAN1-all,ISD,all,0.0.0.0/32,-,2,6,baseipd,1,hamming,0,0,sha3,30.334.104,705,67408,0.000744,0,376647834,60668208,2.0,5,31,WAN, V8.1
2024-05-15,19:46:29,13:39:02.502166,99.99%,9.5,161035244,90662447,900.001841,pcap-WAN1-all,ISD,all,0.0.0.0/32,-,2,6,iphash,4,hamming,0,0,sha3,30.237.536,703,67194,0.000741,0,375234522,60475072,2.0,5,33,WAN, V8.2
2024-05-13,22:41:10,0:37:41.589163,54.20%,2.31,5177087,206300,96342.567219,pcap-LAN-all,ISD,all,10.0.0.0/24,-,2,6,baseipd,1,hamming,0,0,sha3,970.711,22,20,0.000097,0,375234522,1941422,2.0,5,33,LAN, V8.1
2024-05-13,23:16:31,0:36:14.932356,71.23%,2.31,5177087,206300,96342.567219,pcap-LAN-all,ISD,all,10.0.0.0/24,-,2,6,clockhash,1,hamming,0,0,sha3,970.972,22,20,0.000097,0,375234522,1941944,2.0,5,33,LAN, V8.1
2024-05-13,23:16:45,0:36:05.173107,71.23%,2.31,5177087,206300,96342.567219,pcap-LAN-all,ISD,all,10.0.0.0/24,-,2,6,clockhash,4,hamming,0,0,sha3,970.972,22,20,0.000097,0,375234522,1941944,2.0,5,33,LAN, V8.1
2024-05-13,23:17:08,0:36:25.079964,71.23%,2.31,5177087,206300,96342.567219,pcap-LAN-all,ISD,all,10.0.0.0/24,-,2,6,clockhash,8,hamming,0,0,sha3,970.972,22,20,0.000097,0,375234522,1941944,2.0,5,33,LAN, V8.1
2024-05-15,19:40:10,13:32:43.237875,100.00%,9.5,161035244,90662447,900.001841,pcap-WAN1-all,ISD,all,0.0.0.0/32,-,2,6,iphash,1,hamming,0,0,sha3,30.119.075,700,66931,0.000738,0,373831776,60238150,2.0,5,35,WAN, V8.2
2024-05-20,00:56:06,13:06:44.182427,100.00%,9.5,161035244,90662447,900.001841,pcap-WAN1-all,IPD,all,0.0.0.0/32,-,2,6,none,0,hamming,0,0,sha3,23481429,546,52180,0.000576,0,29154519,46962858,2.0,6,86,WAN CAF=2 IPD ecc, V8.3
2024-05-09,11:42:41,20:45:55.644794,100.00%,9.5,161035244,90662447,900.001841,pcap-WAN1-all,ISPN,all,0.0.0.0/32,-,4,6,none,0,none,0,0,sha3,11.605.304,539,51579,0.000569,0,288184438,46421216,4.0,13,88,WAN source:ISPN, V8.0
2024-05-28,01:20:52,7:56:51.422675,100.00%,9.5,161035244,90662447,900.001841,pcap-WAN1-all,IPD,all,0.0.0.0/32,-,2,6,none,0,inline-hamming+,0,0,sha3,22179572,515,49287,0.000544,0,28,44359144,2.0,7,26,WAN CAF=2 IPD iecc, V8.4
2024-05-20,00:56:45,13:07:31.145795,100.00%,9.5,161035244,90662447,900.001841,pcap-WAN1-all,IPD,all,0.0.0.0/32,-,2,6,none,0,none,0,0,sha3,21807906,507,48461,0.000535,0,27100271,43615812,2.0,7,38,WAN CAF=2 IPD default, V8.3
2024-05-22,10:59:46,12:47:02.585799,3.74%,9.5,161035244,90662447,900.001841,pcap-WAN1-all,ICD,all,0.0.0.0/32,-,4,6,none,0,none,0,0,sha3,9700528,451,43113,0.000476,0,240963855,38802112,4.0,16,6,WAN CAF=4 OTHER default, V8.3
2024-05-09,12:32:27,21:35:42.443385,3.74%,9.5,161035244,90662447,900.001841,pcap-WAN1-all,timestamp,all,0.0.0.0/32,-,4,6,none,0,none,0,0,sha3,9.693.422,451,43081,0.000475,0,240818784,38773688,4.0,16,61,WAN source:timestamp, V8.0
2024-05-27,10:01:08,11:18:51.279644,3.74%,9.5,161035244,90662447,900.001841,pcap-WAN1-all,ICD,all,0.0.0.0/32,-,4,6,none,0,inline-hamming+,0,0,sha3,9789944,455,43510,0.000480,0,24,39159776,4.0,16,45,WAN CAF=4 ICD iecc, V8.4
2024-05-20,19:31:13,17:18:12.259021,4.90%,11.48,211810529,109537199,900.054465,pcap-WAN2-all,ICD,all,0.0.0.0/32,-,4,6,none,0,none,0,0,sha3,12610358,586,56042,0.000512,0,238095238,50441432,4.0,16,8,WAN2 CAF=4 defaults, V8.3
2024-05-08,13:20:59,0:36:44.587156,93.67%,2.31,5177087,206300,96342.567219,pcap-LAN-all,IPD,all,10.0.0.0/24,-,4,6,none,0,none,0,0,sha3,302.148,14,12,0.000058,0,233508465,1208592,4.0,17,13,LAN poi:all default, V8.0
2024-05-23,01:59:50,13:47:39.438315,3.74%,9.5,161035244,90662447,900.001841,pcap-WAN1-all,ICD,all,0.0.0.0/32,-,2,6,none,0,hamming+,0,0,sha3,17092732,397,37983,0.000419,0,212314225,34185464,2.0,9,42,WAN CAF=2 OTHER ecc, V8.4
2024-05-09,11:58:32,21:01:47.368515,100.00%,9.5,161035244,90662447,900.001841,pcap-WAN1-all,ISD,all,0.0.0.0/32,-,4,6,none,0,none,0,0,sha3,8.258.101,384,36702,0.000405,0,205128205,33032404,4.0,19,5,WAN source:ISD, V8.0
2024-05-20,04:51:47,16:29:52.121569,100.00%,9.5,161035244,90662447,900.001841,pcap-WAN1-all,IPD,all,0.0.0.0/32,-,8,6,none,0,none,4,0,sha3,3878619,360,34476,0.000380,0,192678227,31028952,2.0,41,52,WAN CAF=2 IPD multi4, V8.3
2024-05-11,11:14:19,17:10:36.845403,89.04%,11.48,211810529,109537199,900.054465,pcap-WAN2-all,IPD,all,0.0.0.0/32,-,4,6,iphash,1,none,0,0,sha3,9.699.536,451,43106,0.000394,0,183150183,38798144,4.0,21,84,WAN2 max CAF, V8.0
2024-05-09,13:01:23,22:04:37.772948,52.39%,9.5,161035244,90662447,900.001841,pcap-WAN1-all,tcp_seq,all,0.0.0.0/32,-,4,6,none,0,none,0,0,sha3,7.006.769,326,31141,0.000343,0,174064404,28027076,4.0,22,98,WAN source:tcp_seq, V8.0
2024-05-24,06:29:01,14:07:47.208212,85.06%,9.5,161035244,90662447,900.001841,pcap-WAN1-all,IPD,all,0.0.0.0/32,-,4,6,iphash,16,none,0,0,sha3,6802690,316,30234,0.000333,0,17,27210760,4.0,23,67,WAN CAF=4 IPD mux16, V8.4
2024-05-24,06:23:15,14:02:04.622183,99.94%,9.5,161035244,90662447,900.001841,pcap-WAN1-all,IPD,all,0.0.0.0/32,-,4,6,iphash,8,none,0,0,sha3,6755030,314,30022,0.000331,0,17,27020120,4.0,23,84,WAN CAF=4 IPD mux8, V8.4
2024-05-10,02:12:45,13:11:18.975906,89.27%,9.5,161035244,90662447,900.001841,pcap-WAN1-all,IPD,all,0.0.0.0/32,-,4,6,iphash,1,none,0,0,sha3,6.474.762,301,28776,0.000317,0,160836349,25899048,4.0,24,87,WAN mux iphash 1 bit, V8.0
2024-05-10,03:15:57,13:09:59.607316,89.27%,9.5,161035244,90662447,900.001841,pcap-WAN1-all,IPD,all,0.0.0.0/32,-,4,6,iphash,2,none,0,0,sha3,6.474.762,301,28776,0.000317,0,160836349,25899048,4.0,24,87,WAN mux iphash 2 bit, V8.0
2024-05-10,16:25:13,16:46:12.508979,89.27%,9.5,161035244,90662447,900.001841,pcap-WAN1-all,IPD,all,0.0.0.0/32,-,4,6,iphash,4,none,0,0,sha3,6.474.762,301,28776,0.000317,0,160836349,25899048,4.0,24,87,WAN mux iphash 4 bit, V8.0
2024-05-10,16:29:14,16:44:45.852288,89.27%,9.5,161035244,90662447,900.001841,pcap-WAN1-all,IPD,all,0.0.0.0/32,-,4,6,iphash,6,none,0,0,sha3,6.474.762,301,28776,0.000317,0,160836349,25899048,4.0,24,87,WAN mux iphash 6 bit, V8.0
2024-05-10,17:37:43,16:30:54.050372,89.27%,9.5,161035244,90662447,900.001841,pcap-WAN1-all,IPD,all,0.0.0.0/32,-,4,6,iphash,8,none,0,0,sha3,6.474.762,301,28776,0.000317,0,160836349,25899048,4.0,24,87,WAN mux iphash 8 bit, V8.0
2024-05-24,06:26:34,13:59:08.214733,89.27%,9.5,161035244,90662447,900.001841,pcap-WAN1-all,IPD,all,0.0.0.0/32,-,4,6,iphash,64,none,0,0,sha3,6474762,301,28776,0.000317,0,160836349,25899048,4.0,24,87,WAN CAF=4 IPD mux64, V8.4
2024-05-24,06:26:42,14:05:11.531326,89.26%,9.5,161035244,90662447,900.001841,pcap-WAN1-all,IPD,all,0.0.0.0/32,-,4,6,iphash,32,none,0,0,sha3,6476112,301,28782,0.000317,0,160836349,25904448,4.0,24,87,WAN CAF=4 IPD mux32, V8.4
2024-05-24,06:18:05,13:56:57.098729,100.00%,9.5,161035244,90662447,900.001841,pcap-WAN1-all,IPD,all,0.0.0.0/32,-,4,6,iphash,4,none,0,0,sha3,5580979,259,24804,0.000274,0,13864818,22323916,4.0,28,85,WAN CAF=4 IPD mux4, V8.4
2024-05-23,01:58:12,13:45:56.157101,3.74%,9.5,161035244,90662447,900.001841,pcap-WAN1-all,ICD,all,0.0.0.0/32,-,4,6,none,0,hamming+,0,0,sha3,5451714,253,24229,0.000267,0,135409614,21806856,4.0,29,54,WAN CAF=4 OTHER ecc+, V8.4
2024-05-23,04:46:38,16:33:50.532347,4.90%,11.48,211810529,109537199,900.054465,pcap-WAN2-all,ICD,all,0.0.0.0/32,-,4,6,none,0,hamming+,0,0,sha3,7091546,329,31516,0.000288,0,133913626,28366184,4.0,29,87,WAN2 CAF=4 ecc, V8.4
2024-05-23,01:18:02,13:06:01.648110,100.00%,9.5,161035244,90662447,900.001841,pcap-WAN1-all,IPD,all,0.0.0.0/32,-,2,6,none,0,hamming+,0,0,sha3,8417332,195,18705,0.000206,0,104547831,16834664,2.0,19,13,WAN CAF=2 IPD ecc, V8.4
2024-05-18,06:53:23,20:21:19.200149,4.90%,11.48,211810529,109537199,900.054465,pcap-WAN2-all,ICD,all,0.0.0.0/32,-,8,6,none,0,hamming,2,0,sha3,2582794,240,22956,0.000210,0,097549079,20662352,4.0,82,01,WAN2 CAF=4 ecc+mp2, V8.3
2024-05-20,15:41:02,13:30:59.953852,3.74%,9.5,161035244,90662447,900.001841,pcap-WAN1-all,ICD,all,0.0.0.0/32,-,8,6,none,0,none,2,0,sha3,1825913,169,16230,0.000179,0,090713233,14607304,4.0,88,19,WAN CAF=4 OTHER multi2, V8.3
2024-05-24,06:17:43,13:57:29.600387,100.00%,9.5,161035244,90662447,900.001841,pcap-WAN1-all,IPD,all,0.0.0.0/32,-,4,6,iphash,2,none,0,0,sha3,3564094,165,15840,0.000175,0,08853475,14256376,4.0,45,18,WAN CAF=4 IPD mux2, V8.4
2024-05-10,01:06:32,13:07:57.986014,99.00%,9.5,161035244,90662447,900.001841,pcap-WAN1-all,IPD,all,0.0.0.0/32,-,4,4,iphash,4,none,0,0,sha3,2.599.488,120,11553,0.000127,0,0645682,10397952,4.0,61,95,WAN round 4+mux, V8.0
2024-05-24,19:14:53,11:17:49.928664,3.74%,9.5,161035244,90662447,900.001841,pcap-WAN1-all,ICD,all,0.0.0.0/32,-,2,6,none,0,hamming,0,0,sha3,4884339,113,10854,0.000120,0,06,9768678,2.0,32,97,WAN CAF=2 OTHER ecc, V8.4
2024-05-11,06:38:12,12:58:14.609142,100.00%,9.5,161035244,90662447,900.001841,pcap-WAN1-all,IPD,all,0.0.0.0/32,-,4,6,none,0,none,2,0,sha3,2.062.225,95,9165,0.000101,0,051222948,8248900,2.0,78,09,WAN multipointer 2, V8.0
2024-05-20,02:13:15,14:23:43.409105,100.00%,9.5,161035244,90662447,900.001841,pcap-WAN1-all,IPD,all,0.0.0.0/32,-,4,6,none,0,none,2,0,sha3,2062225,95,9165,0.000101,0,051222948,8248900,2.0,78,09,WAN CAF=2 IPD multi2, V8.3
2024-05-23,15:09:10,13:59:43.438998,4.90%,11.48,211810529,109537199,900.054465,pcap-WAN2-all,ICD,all,0.0.0.0/32,-,8,6,none,0,hamming+,2,0,sha3,1323540,123,11764,0.000107,0,049990627,10588320,4.0,160,03,WAN2 CAF=4 ecc+mp2, V8.4
2024-05-23,10:21:06,8:22:50.884250,3.74%,9.5,161035244,90662447,900.001841,pcap-WAN1-all,ICD,all,0.0.0.0/32,-,8,6,none,0,none,0,0,sha3,605849,56,5385,0.000059,0,030097818,4846792,8.0,265,8,WAN CAF=8 OTHER default, V8.4
2024-05-24,22:11:29,13:38:32.502230,4.90%,11.48,211810529,109537199,900.054465,pcap-WAN2-all,ICD,all,0.0.0.0/32,-,4,6,none,0,hamming,0,0,sha3,1574788,73,6998,0.000064,0,03,6299152,4.0,134,5,WAN2 CAF=4 ecc, V8.4
2024-05-24,19:31:04,10:58:09.126828,3.74%,9.5,161035244,90662447,900.001841,pcap-WAN1-all,ICD,all,0.0.0.0/32,-,4,6,none,0,hamming,0,0,sha3,1212444,56,5388,0.000059,0,03,4849776,4.0,132,82,WAN CAF=4 OTHER ecc, V8.4
2024-05-08,13:57:00,0:35:48.153885,31.08%,2.31,5177087,206300,96342.567219,pcap-LAN-all,IPD,broadcast_domain,10.0.0.0/24,-,4,6,none,0,none,8,0,sha3,28.435,1,1,0.000005,0,021969572,113740,0.5,182,07,LAN multipointer max, V8.0
2024-05-10,01:33:54,13:04:52.362951,99.97%,9.5,161035244,90662447,900.001841,pcap-WAN1-all,IPD,all,0.0.0.0/32,-,4,2,iphash,8,none,0,0,sha3,797.627,37,3545,0.000039,0,019812769,3190508,4.0,201,89,WAN round 2+mux, V8.0
2024-05-09,12:29:00,21:32:14.924805,96.39%,9.5,161035244,90662447,900.001841,pcap-WAN1-all,payload,all,0.0.0.0/32,-,4,6,none,0,none,0,0,sha3,654.894,30,2910,0.000032,0,016266775,2619576,4.0,245,9,WAN source:payload, V8.0
2024-05-23,01:13:38,13:01:22.402409,100.00%,9.5,161035244,90662447,900.001841,pcap-WAN1-all,IPD,all,0.0.0.0/32,-,4,6,none,0,inline-hamming+,0,0,sha3,619404,28,2752,0.000030,0,015385799,2477616,4.0,259,98,WAN CAF=4 IPD iecc, V8.4
2024-05-08,13:56:27,0:35:25.759835,31.08%,2.31,5177087,206300,96342.567219,pcap-LAN-all,IPD,broadcast_domain,10.0.0.0/24,-,4,6,none,0,none,4,0,sha3,19.022,0,0,0.000000,0,014697237,76088,1.0,272,16,LAN multipointer, V8.0
2024-05-23,10:24:40,8:24:47.875038,3.74%,9.5,161035244,90662447,900.001841,pcap-WAN1-all,ICD,all,0.0.0.0/32,-,8,6,none,0,hamming+,0,0,sha3,264724,24,2353,0.000026,0,013151189,2117792,8.0,608,31,WAN CAF=8 OTHER ecc, V8.4
2024-05-10,17:39:55,15:26:59.773428,100.00%,9.5,161035244,90662447,900.001841,pcap-WAN1-all,IPD,all,0.0.0.0/32,-,4,6,clock,2,none,0,0,sha3,504.501,23,2242,0.000025,0,012531328,2018004,4.0,319,2,WAN mux clock, V8.0
2024-05-10,18:48:53,15:32:46.435646,100.00%,9.5,161035244,90662447,900.001841,pcap-WAN1-all,IPD,all,0.0.0.0/32,-,4,6,clockhash,2,none,0,0,sha3,504.501,23,2242,0.000025,0,012531328,2018004,4.0,319,2,WAN mux clockhash, V8.0
2024-05-18,00:57:38,15:17:54.180884,100.00%,9.5,161035244,90662447,900.001841,pcap-WAN1-all,IPD,all,0.0.0.0/32,-,4,6,none,0,none,0,0,sha3,504501,23,2242,0.000025,0,012531328,2018004,4.0,319,2,WAN CAF=4 IPD default, V8.3
2024-05-25,17:40:29,8:49:25.377319,85.06%,9.5,161035244,90662447,900.001841,pcap-WAN1-all,IPD,all,0.0.0.0/32,-,8,6,iphash,16,none,0,0,sha3,232839,21,2069,0.000023,0,01,1862712,8.0,691,62,WAN CAF=8 IPD mux16, V8.4
2024-05-25,17:29:33,8:38:29.413491,99.94%,9.5,161035244,90662447,900.001841,pcap-WAN1-all,IPD,all,0.0.0.0/32,-,8,6,iphash,8,none,0,0,sha3,209204,19,1859,0.000021,0,01,1673632,8.0,769,75,WAN CAF=8 IPD mux8, V8.4
2024-05-25,17:36:23,8:45:19.867267,89.26%,9.5,161035244,90662447,900.001841,pcap-WAN1-all,IPD,all,0.0.0.0/32,-,8,6,iphash,32,none,0,0,sha3,207769,19,1846,0.000020,0,01,1662152,8.0,775,07,WAN CAF=8 IPD mux32, V8.4
2024-05-25,17:38:02,8:46:59.074355,89.27%,9.5,161035244,90662447,900.001841,pcap-WAN1-all,IPD,all,0.0.0.0/32,-,8,6,iphash,64,none,0,0,sha3,207769,19,1846,0.000020,0,01,1662152,8.0,775,07,WAN CAF=8 IPD mux64, V8.4
2024-05-08,14:35:11,0:40:27.844969,84.53%,2.31,5177087,206300,96342.567219,pcap-LAN-all,IPD,port,10.0.0.0/24,80,4,6,clockhash,1,hamming,0,0,sha3,9.829,0,0,0.000000,0,007594168,39316,4.0,526,72,LAN port 80 mux1+ecc, V8.0
2024-05-08,14:35:49,0:40:54.240120,84.53%,2.31,5177087,206300,96342.567219,pcap-LAN-all,IPD,port,10.0.0.0/24,80,4,6,clockhash,2,hamming,0,0,sha3,9.829,0,0,0.000000,0,007594168,39316,4.0,526,72,LAN port 80 mux2+ecc, V8.0
2024-05-11,09:01:09,15:20:06.397126,100.00%,11.48,211810529,109537199,900.054465,pcap-WAN2-all,IPD,all,0.0.0.0/32,-,4,6,none,0,none,0,0,sha3,322.567,15,1433,0.000013,0,006091618,1290268,4.0,656,64,WAN2 defaults, V8.0
2024-05-19,11:48:51,0:33:05.217862,31.08%,2.31,5177087,206300,96342.567219,pcap-LAN-all,IPD,broadcast_domain,10.0.0.0/24,-,4,6,none,0,none,2,0,sha3,5931,0,0,0.000000,0,004582479,23724,2.0,872,89,LAN CAF=2 IPD multi2, V8.3
2024-05-19,12:22:31,0:33:37.098073,10.45%,2.31,5177087,206300,96342.567219,pcap-LAN-all,ICD,broadcast_domain,10.0.0.0/24,-,4,6,none,0,none,2,0,sha3,5931,0,0,0.000000,0,004582479,23724,2.0,872,89,LAN CAF=2 OTHER multi2, V8.3
2024-05-12,10:55:06,0:39:25.536082,99.93%,2.31,5177087,206300,96342.567219,pcap-LAN-all,ISPN,broadcast_domain,10.0.0.0/24,-,3,6,none,0,none,1,0,sha3,7369,0,0,0.000000,0,004270159,22107,3.0,702,55,LAN multipointer1, V8.1
2024-05-11,05:19:58,11:42:03.899760,100.00%,9.5,161035244,90662447,900.001841,pcap-WAN1-all,IPD,all,0.0.0.0/32,-,4,6,none,0,hamming,0,0,sha3,145.033,6,644,0.000007,0,0036025,580132,4.0,1110,34,WAN ecc, V8.0
2024-05-18,01:33:33,15:02:10.151295,100.00%,9.5,161035244,90662447,900.001841,pcap-WAN1-all,IPD,all,0.0.0.0/32,-,4,6,none,0,hamming,0,0,sha3,145033,6,644,0.000007,0,0036025,580132,4.0,1110,34,WAN CAF=4 IPD mux+ecc, V8.3
2024-05-19,02:08:27,13:47:07.694489,100.00%,9.5,161035244,90662447,900.001841,pcap-WAN1-all,IPD,all,0.0.0.0/32,-,4,6,none,0,hamming,0,0,sha3,145033,6,644,0.000007,0,0036025,580132,4.0,1110,34,WAN CAF=4 IPD mux+ecc, V8.3
2024-05-20,11:21:47,10:24:59.585823,100.00%,9.5,161035244,90662447,900.001841,pcap-WAN1-all,IPD,all,0.0.0.0/32,-,4,6,none,0,hamming,0,0,sha3,145033,6,644,0.000007,0,0036025,580132,4.0,1110,34,WAN CAF=4 IPD mux+ecc, V8.3
2024-05-22,10:31:16,12:18:32.176513,100.00%,9.5,161035244,90662447,900.001841,pcap-WAN1-all,IPD,all,0.0.0.0/32,-,4,6,none,0,hamming,0,0,sha3,145033,6,644,0.000007,0,0036025,580132,4.0,1110,34,WAN CAF=4 IPD mux+ecc, V8.3
2024-05-20,19:48:25,17:38:22.242394,3.74%,9.5,161035244,90662447,900.001841,pcap-WAN1-all,ICD,all,0.0.0.0/32,-,16,6,none,0,none,4,0,sha3,34366,6,610,0.000007,0,003414506,549856,4.0,4685,89,WAN CAF=4 OTHER multi4, V8.3
2024-05-14,23:01:10,0:34:25.452117,10.04%,2.31,5177087,206300,96342.567219,pcap-LAN-all,ISD,broadcast_domain,10.0.0.0/24,-,2,6,iphash,4,none,0,0,sha3,7.243,0,0,0.000000,0,002798103,14486,2.0,714,77,LAN, V8.2
2024-05-21,22:59:12,0:46:27.964167,31.91%,2.31,5177087,206300,96342.567219,pcap-LAN-all,IPD,broadcast_domain,10.0.0.0/24,-,2,6,iphash,8,none,0,0,sha3,7219,0,0,0.000000,0,002788817,14438,2.0,717,15,LAN CAF=2 IPD mux8, V8.3
2024-05-21,22:59:05,0:46:21.509588,31.61%,2.31,5177087,206300,96342.567219,pcap-LAN-all,IPD,broadcast_domain,10.0.0.0/24,-,2,6,iphash,4,none,0,0,sha3,7175,0,0,0.000000,0,002771811,14350,2.0,721,55,LAN CAF=2 IPD mux4, V8.3
2024-05-21,22:59:11,0:46:26.695988,31.60%,2.31,5177087,206300,96342.567219,pcap-LAN-all,IPD,broadcast_domain,10.0.0.0/24,-,2,6,iphash,2,none,0,0,sha3,7175,0,0,0.000000,0,002771811,14350,2.0,721,55,LAN CAF=2 IPD mux2, V8.3
2024-05-14,23:01:14,0:34:29.687187,9.50%,2.31,5177087,206300,96342.567219,pcap-LAN-all,ISD,broadcast_domain,10.0.0.0/24,-,2,6,iphash,8,none,0,0,sha3,7.155,0,0,0.000000,0,002764111,14310,2.0,723,56,LAN, V8.2
2024-05-08,13:21:30,0:37:15.828861,31.08%,2.31,5177087,206300,96342.567219,pcap-LAN-all,IPD,broadcast_domain,10.0.0.0/24,-,2,6,none,0,none,0,0,sha3,7.147,0,0,0.000000,0,00276102,14294,2.0,724,37,LAN best balance, V8.0
2024-05-19,11:49:08,0:33:21.471202,31.08%,2.31,5177087,206300,96342.567219,pcap-LAN-all,IPD,broadcast_domain,10.0.0.0/24,-,2,6,none,0,none,0,0,sha3,7147,0,0,0.000000,0,00276102,14294,2.0,724,37,LAN CAF=2 IPD default, V8.3
2024-05-19,11:49:17,0:33:30.672783,31.08%,2.31,5177087,206300,96342.567219,pcap-LAN-all,IPD,broadcast_domain,10.0.0.0/24,-,2,6,none,0,none,0,0,sha3,7147,0,0,0.000000,0,00276102,14294,2.0,724,37,LAN CAF=2 IPD mux, V8.3
2024-05-14,23:01:05,0:34:20.917382,9.34%,2.31,5177087,206300,96342.567219,pcap-LAN-all,ISD,broadcast_domain,10.0.0.0/24,-,2,6,iphash,1,none,0,0,sha3,7.086,0,0,0.000000,0,002737439,14172,2.0,730,61,LAN, V8.2
2024-05-12,10:55:17,0:39:36.103343,10.45%,2.31,5177087,206300,96342.567219,pcap-LAN-all,ICD,broadcast_domain,10.0.0.0/24,-,2,6,none,0,none,0,0,sha3,7081,0,0,0.000000,0,002735529,14162,2.0,731,12,LAN default, V8.1
2024-05-19,11:49:19,0:33:33.114452,10.45%,2.31,5177087,206300,96342.567219,pcap-LAN-all,ICD,broadcast_domain,10.0.0.0/24,-,2,6,none,0,none,0,0,sha3,7081,0,0,0.000000,0,002735529,14162,2.0,731,12,LAN CAF=2 OTHER default, V8.3
2024-05-19,11:49:24,0:33:38.226704,10.45%,2.31,5177087,206300,96342.567219,pcap-LAN-all,ICD,broadcast_domain,10.0.0.0/24,-,2,6,none,0,none,0,0,sha3,7081,0,0,0.000000,0,002735529,14162,2.0,731,12,LAN CAF=2 OTHER mux, V8.3
2024-05-14,23:01:15,0:34:30.614674,6.62%,2.31,5177087,206300,96342.567219,pcap-LAN-all,ISD,broadcast_domain,10.0.0.0/24,-,2,6,clockhash,1,none,0,0,sha3,7.075,0,0,0.000000,0,002733211,14150,2.0,731,74,LAN, V8.2
2024-05-14,23:01:13,0:34:28.647512,5.71%,2.31,5177087,206300,96342.567219,pcap-LAN-all,ISD,broadcast_domain,10.0.0.0/24,-,2,6,baseipd,1,none,0,0,sha3,7.074,0,0,0.000000,0,0027328,14148,2.0,731,85,LAN, V8.2
2024-05-14,23:01:08,0:34:23.944194,10.28%,2.31,5177087,206300,96342.567219,pcap-LAN-all,ISD,broadcast_domain,10.0.0.0/24,-,2,6,none,0,none,0,0,sha3,7.063,0,0,0.000000,0,00272855,14126,2.0,732,99,LAN, V8.2
2024-05-14,23:01:10,0:34:25.960132,2.67%,2.31,5177087,206300,96342.567219,pcap-LAN-all,ISD,broadcast_domain,10.0.0.0/24,-,2,6,clockhash,8,none,0,0,sha3,7.062,0,0,0.000000,0,002728178,14124,2.0,733,09,LAN, V8.2
2024-05-14,23:01:05,0:34:20.091782,3.10%,2.31,5177087,206300,96342.567219,pcap-LAN-all,ISD,broadcast_domain,10.0.0.0/24,-,2,6,clockhash,4,none,0,0,sha3,7.043,0,0,0.000000,0,002720829,14086,2.0,735,07,LAN, V8.2
2024-05-17,10:32:01,0:52:17.728453,10.45%,2.31,5177087,206300,96342.567219,pcap-LAN-all,ICD,broadcast_domain,10.0.0.0/24,-,4,6,none,0,hamming,1,0,sha3,3517,0,0,0.000000,0,002717354,14068,4.0,1472,02,LAN CAF=4 OTHER ecc+multi1, V8.3
2024-05-18,16:21:13,15:23:33.116154,4.90%,11.48,211810529,109537199,900.054465,pcap-WAN2-all,ICD,all,0.0.0.0/32,-,16,6,none,0,hamming,4,0,sha3,33323,6,592,0.000005,0,002517192,533168,4.0,6356,29,WAN2 CAF=4 ecc+mp4, V8.3
2024-05-19,11:48:54,0:33:07.531893,31.08%,2.31,5177087,206300,96342.567219,pcap-LAN-all,IPD,broadcast_domain,10.0.0.0/24,-,8,6,none,0,none,4,0,sha3,1580,0,0,0.000000,0,002441525,12640,2.0,3276,64,LAN CAF=2 IPD multi4, V8.3
2024-05-19,12:22:12,0:33:16.413936,10.45%,2.31,5177087,206300,96342.567219,pcap-LAN-all,ICD,broadcast_domain,10.0.0.0/24,-,8,6,none,0,none,4,0,sha3,1508,0,0,0.000000,0,002330269,12064,2.0,3433,08,LAN CAF=2 OTHER multi4, V8.3
2024-05-14,23:34:17,0:33:09.879245,7.96%,2.31,5177087,206300,96342.567219,pcap-LAN-all,ISD,broadcast_domain,10.0.0.0/24,-,2,6,iphash,8,hamming,0,0,sha3,5.510,0,0,0.000000,0,002128611,11020,2.0,939,58,LAN, V8.2
2024-05-12,10:55:03,0:39:22.820398,7.36%,2.31,5177087,206300,96342.567219,pcap-LAN-all,ISD,broadcast_domain,10.0.0.0/24,-,2,6,none,0,hamming,0,0,sha3,5460,0,0,0.000000,0,002109304,10920,2.0,948,18,LAN hamming, V8.1
2024-05-14,23:34:48,0:33:37.332986,1.94%,2.31,5177087,206300,96342.567219,pcap-LAN-all,ISD,broadcast_domain,10.0.0.0/24,-,2,6,clockhash,8,hamming,0,0,sha3,5.432,0,0,0.000000,0,002098482,10864,2.0,953,07,LAN, V8.2
2024-05-14,23:01:04,0:34:19.811394,7.60%,2.31,5177087,206300,96342.567219,pcap-LAN-all,ISD,broadcast_domain,10.0.0.0/24,-,2,6,iphash,1,hamming,0,0,sha3,5.426,0,0,0.000000,0,00209615,10852,2.0,954,13,LAN, V8.2
2024-05-14,23:34:36,0:33:27.855044,2.47%,2.31,5177087,206300,96342.567219,pcap-LAN-all,ISD,broadcast_domain,10.0.0.0/24,-,2,6,clockhash,4,hamming,0,0,sha3,5.400,0,0,0.000000,0,002086115,10800,2.0,958,72,LAN, V8.2
2024-05-10,01:30:25,12:57:55.739010,100.00%,9.5,161035244,90662447,900.001841,pcap-WAN1-all,IPD,all,0.0.0.0/32,-,4,0,iphash,16,none,0,0,sha3,83.951,3,373,0.000004,0,002085277,335804,4.0,1918,21,WAN round 0+mux, V8.0
2024-05-14,23:00:46,0:34:01.749290,3.68%,2.31,5177087,206300,96342.567219,pcap-LAN-all,ISD,broadcast_domain,10.0.0.0/24,-,2,6,baseipd,1,hamming,0,0,sha3,5.349,0,0,0.000000,0,002066415,10698,2.0,967,86,LAN, V8.2
2024-05-19,11:48:58,0:33:12.282894,10.45%,2.31,5177087,206300,96342.567219,pcap-LAN-all,ICD,broadcast_domain,10.0.0.0/24,-,2,6,iphash,1,hamming,0,0,sha3,5332,0,0,0.000000,0,002059838,10664,2.0,970,95,LAN CAF=2 OTHER ecc, V8.3
2024-05-19,11:49:12,0:33:25.499229,10.45%,2.31,5177087,206300,96342.567219,pcap-LAN-all,ICD,broadcast_domain,10.0.0.0/24,-,2,6,iphash,1,hamming,0,0,sha3,5332,0,0,0.000000,0,002059838,10664,2.0,970,95,LAN CAF=2 OTHER mux+ecc, V8.3
2024-05-21,22:58:43,0:45:59.555935,10.45%,2.31,5177087,206300,96342.567219,pcap-LAN-all,ICD,broadcast_domain,10.0.0.0/24,-,2,6,none,0,hamming,0,0,sha3,5332,0,0,0.000000,0,002059838,10664,2.0,970,95,LAN CAF=2 OTHER ecc, V8.3
2024-05-14,23:34:11,0:33:21.884802,7.47%,2.31,5177087,206300,96342.567219,pcap-LAN-all,ISD,broadcast_domain,10.0.0.0/24,-,2,6,iphash,4,hamming,0,0,sha3,5.313,0,0,0.000000,0,002052503,10626,2.0,974,42,LAN, V8.2
2024-05-14,23:34:08,0:33:01.171532,4.49%,2.31,5177087,206300,96342.567219,pcap-LAN-all,ISD,broadcast_domain,10.0.0.0/24,-,2,6,clockhash,1,hamming,0,0,sha3,5.287,0,0,0.000000,0,002042463,10574,2.0,979,21,LAN, V8.2
2024-05-19,11:49:06,0:33:19.829638,31.09%,2.31,5177087,206300,96342.567219,pcap-LAN-all,IPD,broadcast_domain,10.0.0.0/24,-,2,6,iphash,1,hamming,0,0,sha3,5279,0,0,0.000000,0,00203938,10558,2.0,980,69,LAN CAF=2 IPD mux+ecc, V8.3
2024-05-19,11:49:29,0:33:43.419080,31.08%,2.31,5177087,206300,96342.567219,pcap-LAN-all,IPD,broadcast_domain,10.0.0.0/24,-,2,6,none,0,hamming,0,0,sha3,5269,0,0,0.000000,0,002035499,10538,2.0,982,56,LAN CAF=2 IPD ecc, V8.3
2024-05-08,13:20:47,0:36:33.367250,99.85%,2.31,5177087,206300,96342.567219,pcap-LAN-all,ISPN,broadcast_domain,10.0.0.0/24,-,4,6,none,0,none,0,0,sha3,2.116,0,0,0.000000,0,001634895,8464,4.0,2446,64,LAN source:ISPN, V8.0
2024-05-08,13:55:22,0:33:49.578597,31.91%,2.31,5177087,206300,96342.567219,pcap-LAN-all,IPD,broadcast_domain,10.0.0.0/24,-,4,6,iphash,1,none,0,0,sha3,1.843,0,0,0.000000,0,001423969,7372,4.0,2809,05,LAN mux hash 1, V8.0
2024-05-08,14:00:33,0:31:30.309447,31.91%,2.31,5177087,206300,96342.567219,pcap-LAN-all,IPD,broadcast_domain,10.0.0.0/24,-,4,6,iphash,2,none,0,0,sha3,1.843,0,0,0.000000,0,001423969,7372,4.0,2809,05,LAN mux hash 2, V8.0
2024-05-17,10:31:36,0:51:53.035876,10.45%,2.31,5177087,206300,96342.567219,pcap-LAN-all,ICD,broadcast_domain,10.0.0.0/24,-,4,6,none,0,none,0,0,sha3,1822,0,0,0.000000,0,001407742,7288,4.0,2841,43,LAN CAF=4 OTHER mux, V8.3
2024-05-18,13:16:07,0:54:48.129202,10.45%,2.31,5177087,206300,96342.567219,pcap-LAN-all,ICD,broadcast_domain,10.0.0.0/24,-,4,6,none,0,none,0,0,sha3,1822,0,0,0.000000,0,001407742,7288,4.0,2841,43,LAN CAF=4 OTHER mux, V8.3
2024-05-19,12:22:25,0:33:14.766687,10.45%,2.31,5177087,206300,96342.567219,pcap-LAN-all,ICD,broadcast_domain,10.0.0.0/24,-,4,6,none,0,none,0,0,sha3,1822,0,0,0.000000,0,001407742,7288,4.0,2841,43,LAN CAF=4 OTHER mux, V8.3
2024-05-08,14:36:19,0:41:39.580974,28.57%,2.31,5177087,206300,96342.567219,pcap-LAN-all,IPD,broadcast_domain,10.0.0.0/24,-,4,6,clock,1,none,0,0,sha3,1.802,0,0,0.000000,0,001392287,7208,4.0,2872,97,LAN mux clock, V8.0
2024-05-22,12:12:30,0:34:53.991811,31.08%,2.31,5177087,206300,96342.567219,pcap-LAN-all,IPD,broadcast_domain,10.0.0.0/24,-,4,6,none,0,inline-hamming+,0,0,sha3,1798,0,0,0.000000,0,001389198,7192,4.0,2879,36,LAN CAF=4 IPD iecc, V8.4
2024-05-17,10:31:41,0:51:58.094857,31.09%,2.31,5177087,206300,96342.567219,pcap-LAN-all,IPD,broadcast_domain,10.0.0.0/24,-,4,6,iphash,1,hamming,0,0,sha3,1789,0,0,0.000000,0,001382246,7156,4.0,2893,84,LAN CAF=4 IPD mux+ecc, V8.3
2024-05-08,13:21:10,0:36:55.890948,2.06%,2.31,5177087,206300,96342.567219,pcap-LAN-all,ISD,broadcast_domain,10.0.0.0/24,-,4,6,none,0,none,0,0,sha3,1.775,0,0,0.000000,0,001371427,7100,4.0,2916,67,LAN source:ISD, V8.0
2024-05-17,10:31:55,0:52:11.772551,10.45%,2.31,5177087,206300,96342.567219,pcap-LAN-all,ICD,broadcast_domain,10.0.0.0/24,-,4,6,iphash,1,hamming,0,0,sha3,1768,0,0,0.000000,0,001366018,7072,4.0,2928,22,LAN CAF=4 OTHER ecc, V8.3
2024-05-21,22:58:26,0:45:42.263664,10.45%,2.31,5177087,206300,96342.567219,pcap-LAN-all,ICD,broadcast_domain,10.0.0.0/24,-,4,6,none,0,hamming,0,0,sha3,1768,0,0,0.000000,0,001366018,7072,4.0,2928,22,LAN CAF=4 OTHER ecc, V8.3
2024-05-18,13:16:11,0:54:52.053209,31.08%,2.31,5177087,206300,96342.567219,pcap-LAN-all,IPD,broadcast_domain,10.0.0.0/24,-,4,6,none,0,none,0,0,sha3,1735,0,0,0.000000,0,001340523,6940,4.0,2983,91,LAN CAF=4 IPD default, V8.3
2024-05-08,13:55:05,0:34:04.257236,31.08%,2.31,5177087,206300,96342.567219,pcap-LAN-all,IPD,broadcast_domain,10.0.0.0/24,-,4,6,none,0,hamming,0,0,sha3,1.733,0,0,0.000000,0,001338975,6932,4.0,2987,36,LAN ecc, V8.0
2024-05-23,22:54:29,21:42:33.050897,4.90%,11.48,211810529,109537199,900.054465,pcap-WAN2-all,ICD,all,0.0.0.0/32,-,16,6,none,0,hamming+,4,0,sha3,17670,3,314,0.000003,0,001334778,282720,4.0,11987,01,WAN2 CAF=4 ecc+mp4, V8.4
2024-05-08,13:20:59,0:36:44.777527,10.44%,2.31,5177087,206300,96342.567219,pcap-LAN-all,timestamp,broadcast_domain,10.0.0.0/24,-,4,6,none,0,none,0,0,sha3,1.718,0,0,0.000000,0,001327387,6872,4.0,3013,44,LAN source:timestamp, V8.0
2024-05-22,12:12:12,0:34:35.478276,10.45%,2.31,5177087,206300,96342.567219,pcap-LAN-all,ICD,broadcast_domain,10.0.0.0/24,-,2,6,iphash,1,hamming+,0,0,sha3,3149,0,0,0.000000,0,001216515,6298,2.0,1644,04,LAN CAF=2 OTHER mux+ecc, V8.4
2024-05-22,12:12:14,0:34:37.356018,10.45%,2.31,5177087,206300,96342.567219,pcap-LAN-all,ICD,broadcast_domain,10.0.0.0/24,-,2,6,none,0,hamming+,0,0,sha3,3149,0,0,0.000000,0,001216515,6298,2.0,1644,04,LAN CAF=2 OTHER ecc, V8.4
2024-05-22,12:12:13,0:34:37.304385,31.09%,2.31,5177087,206300,96342.567219,pcap-LAN-all,IPD,broadcast_domain,10.0.0.0/24,-,2,6,iphash,1,hamming+,0,0,sha3,3083,0,0,0.000000,0,001191015,6166,2.0,1679,24,LAN CAF=2 IPD mux+ecc, V8.4
2024-05-22,12:12:09,0:34:32.585361,31.08%,2.31,5177087,206300,96342.567219,pcap-LAN-all,IPD,broadcast_domain,10.0.0.0/24,-,2,6,none,0,hamming+,0,0,sha3,3041,0,0,0.000000,0,001174791,6082,2.0,1702,43,LAN CAF=2 IPD ecc, V8.4
2024-05-08,13:54:53,0:34:02.113545,53.66%,2.31,5177087,206300,96342.567219,pcap-LAN-all,IPD,broadcast_domain,10.0.0.0/24,-,4,4,none,0,none,0,0,sha3,1.519,0,0,0.000000,0,001173633,6076,4.0,3408,22,LAN rounding, V8.0
2024-05-23,01:09:21,12:57:04.524723,100.00%,9.5,161035244,90662447,900.001841,pcap-WAN1-all,IPD,all,0.0.0.0/32,-,4,6,none,0,hamming+,0,0,sha3,35557,1,158,0.000002,0,000883211,142228,4.0,4528,93,WAN CAF=4 IPD mux+ecc, V8.4
2024-05-23,01:13:03,13:00:48.828570,100.00%,9.5,161035244,90662447,900.001841,pcap-WAN1-all,IPD,all,0.0.0.0/32,-,4,6,none,0,hamming+,0,0,sha3,35557,1,158,0.000002,0,000883211,142228,4.0,4528,93,WAN CAF=4 IPD ecc, V8.4
2024-05-22,12:11:58,0:34:21.551324,10.45%,2.31,5177087,206300,96342.567219,pcap-LAN-all,ICD,broadcast_domain,10.0.0.0/24,-,4,6,none,0,hamming+,0,0,sha3,1032,0,0,0.000000,0,000797359,4128,4.0,5016,56,LAN CAF=4 OTHER ecc, V8.4
2024-05-22,12:12:04,0:34:28.073417,10.45%,2.31,5177087,206300,96342.567219,pcap-LAN-all,ICD,broadcast_domain,10.0.0.0/24,-,4,6,iphash,1,hamming+,0,0,sha3,1032,0,0,0.000000,0,000797359,4128,4.0,5016,56,LAN CAF=4 OTHER mux+ecc, V8.4
2024-05-22,12:12:13,0:34:36.881843,31.09%,2.31,5177087,206300,96342.567219,pcap-LAN-all,IPD,broadcast_domain,10.0.0.0/24,-,4,6,iphash,1,hamming+,0,0,sha3,996,0,0,0.000000,0,000769545,3984,4.0,5197,88,LAN CAF=4 IPD mux+ecc, V8.4
2024-05-22,12:12:08,0:34:31.597031,31.08%,2.31,5177087,206300,96342.567219,pcap-LAN-all,IPD,broadcast_domain,10.0.0.0/24,-,4,6,none,0,hamming+,0,0,sha3,950,0,0,0.000000,0,000734003,3800,4.0,5449,57,LAN CAF=4 IPD ecc, V8.4
2024-05-18,13:15:54,0:54:34.453397,10.45%,2.31,5177087,206300,96342.567219,pcap-LAN-all,ICD,broadcast_domain,10.0.0.0/24,-,8,6,none,0,none,2,0,sha3,346,0,0,0.000000,0,000534664,2768,4.0,14962,68,LAN CAF=4 OTHER multi2, V8.3
2024-05-18,13:16:21,0:55:01.871558,31.08%,2.31,5177087,206300,96342.567219,pcap-LAN-all,IPD,broadcast_domain,10.0.0.0/24,-,8,6,none,0,none,2,0,sha3,310,0,0,0.000000,0,000479034,2480,4.0,16700,28,LAN CAF=4 IPD multi2, V8.3
2024-05-19,12:21:52,0:32:51.820502,31.08%,2.31,5177087,206300,96342.567219,pcap-LAN-all,IPD,broadcast_domain,10.0.0.0/24,-,8,6,none,0,none,2,0,sha3,310,0,0,0.000000,0,000479034,2480,4.0,16700,28,LAN CAF=4 IPD multi2, V8.3
2024-05-18,02:06:04,15:34:17.178165,3.74%,9.5,161035244,90662447,900.001841,pcap-WAN1-all,ICD,all,0.0.0.0/32,-,16,6,none,0,none,0,0,sha3,2460,0,43,0.000000,0,000244419,39360,16.0,65461,48,WAN CAF=4 OTHER ecc+multi4, V8.3
2024-05-21,23:40:52,0:42:23.978359,31.60%,2.31,5177087,206300,96342.567219,pcap-LAN-all,IPD,broadcast_domain,10.0.0.0/24,-,8,6,iphash,2,none,0,0,sha3,119,0,0,0.000000,0,000183887,952,8.0,43504,93,LAN CAF=8 IPD mux2, V8.3
2024-05-21,23:41:02,0:42:16.807226,31.61%,2.31,5177087,206300,96342.567219,pcap-LAN-all,IPD,broadcast_domain,10.0.0.0/24,-,8,6,iphash,4,none,0,0,sha3,119,0,0,0.000000,0,000183887,952,8.0,43504,93,LAN CAF=8 IPD mux4, V8.3
2024-05-23,01:46:53,0:33:47.293798,31.60%,2.31,5177087,206300,96342.567219,pcap-LAN-all,IPD,broadcast_domain,10.0.0.0/24,-,8,6,iphash,2,none,0,0,sha3,119,0,0,0.000000,0,000183887,952,8.0,43504,93,LAN CAF=8 IPD mux2, V8.4
2024-05-23,01:47:27,0:33:46.999894,31.61%,2.31,5177087,206300,96342.567219,pcap-LAN-all,IPD,broadcast_domain,10.0.0.0/24,-,8,6,iphash,4,none,0,0,sha3,119,0,0,0.000000,0,000183887,952,8.0,43504,93,LAN CAF=8 IPD mux4, V8.4
2024-05-21,23:41:31,0:42:24.151566,31.91%,2.31,5177087,206300,96342.567219,pcap-LAN-all,IPD,broadcast_domain,10.0.0.0/24,-,8,6,iphash,8,none,0,0,sha3,114,0,0,0.000000,0,000176161,912,8.0,45413,04,LAN CAF=8 IPD mux8, V8.3
2024-05-23,01:51:59,0:33:54.450090,31.91%,2.31,5177087,206300,96342.567219,pcap-LAN-all,IPD,broadcast_domain,10.0.0.0/24,-,8,6,iphash,8,none,0,0,sha3,114,0,0,0.000000,0,000176161,912,8.0,45413,04,LAN CAF=8 IPD mux8, V8.4
2024-05-08,13:20:28,0:36:14.333239,31.08%,2.31,5177087,206300,96342.567219,pcap-LAN-all,IPD,broadcast_domain,10.0.0.0/24,-,8,6,none,0,none,0,0,sha3,104,0,0,0.000000,0,000160708,832,8.0,49779,68,LAN best CAF, V8.0
2024-05-21,23:41:28,0:42:15.290620,10.45%,2.31,5177087,206300,96342.567219,pcap-LAN-all,ICD,broadcast_domain,10.0.0.0/24,-,8,6,none,0,none,0,0,sha3,99,0,0,0.000000,0,000152982,792,8.0,52293,81,LAN CAF=8 OTHER default, V8.3
2024-05-23,02:17:52,0:30:56.610841,10.45%,2.31,5177087,206300,96342.567219,pcap-LAN-all,ICD,broadcast_domain,10.0.0.0/24,-,8,6,none,0,none,0,0,sha3,99,0,0,0.000000,0,000152982,792,8.0,52293,81,LAN CAF=8 OTHER default, V8.4
2024-05-17,10:31:35,0:51:51.949484,31.08%,2.31,5177087,206300,96342.567219,pcap-LAN-all,IPD,broadcast_domain,10.0.0.0/24,-,8,6,none,0,hamming,0,0,sha3,92,0,0,0.000000,0,000142165,736,8.0,56272,68,LAN CAF=4 IPD ecc+multi2, V8.3
2024-05-18,13:15:59,0:54:39.472209,10.45%,2.31,5177087,206300,96342.567219,pcap-LAN-all,ICD,broadcast_domain,10.0.0.0/24,-,16,6,none,0,none,4,0,sha3,10,0,0,0.000000,3,09054E-05,160,4.0,517708,7,LAN CAF=4 OTHER multi4, V8.3
2024-05-08,13:54:37,0:34:06.425317,99.78%,2.31,5177087,206300,96342.567219,pcap-LAN-all,payload,broadcast_domain,10.0.0.0/24,-,4,6,none,0,none,0,0,sha3,35,0,0,0.000000,2,70422E-05,140,4.0,147916,77,LAN source:payload, V8.0
2024-05-18,13:16:12,0:54:52.512998,31.08%,2.31,5177087,206300,96342.567219,pcap-LAN-all,IPD,broadcast_domain,10.0.0.0/24,-,16,6,none,0,none,4,0,sha3,8,0,0,0.000000,2,47243E-05,128,4.0,647135,88,LAN CAF=4 IPD multi4, V8.3
2024-05-19,12:22:20,0:33:12.231011,31.08%,2.31,5177087,206300,96342.567219,pcap-LAN-all,IPD,broadcast_domain,10.0.0.0/24,-,16,6,none,0,none,4,0,sha3,8,0,0,0.000000,2,47243E-05,128,4.0,647135,88,LAN CAF=4 IPD multi4, V8.3
2024-05-21,23:41:28,0:42:14.124457,10.45%,2.31,5177087,206300,96342.567219,pcap-LAN-all,ICD,broadcast_domain,10.0.0.0/24,-,16,6,none,0,none,2,0,sha3,1,0,0,0.000000,3,09054E-06,16,8.0,5177087,LAN CAF=8 OTHER multi2, V8.3
2024-05-23,02:18:14,0:30:44.073552,10.45%,2.31,5177087,206300,96342.567219,pcap-LAN-all,ICD,broadcast_domain,10.0.0.0/24,-,16,6,none,0,none,2,0,sha3,1,0,0,0.000000,3,09054E-06,16,8.0,5177087,LAN CAF=8 OTHER multi2, V8.4
2024-05-19,07:18:36,18:57:16.227534,100.00%,9.5,161035244,90662447,900.001841,pcap-WAN1-all,IPD,all,0.0.0.0/32,-,16,6,none,0,none,4,0,sha3,1,0,0,0.000000,9,93571E-08,16,4.0,161035244,WAN CAF=4 IPD multi4, V8.3
2024-05-20,17:48:27,15:39:11.158097,100.00%,9.5,161035244,90662447,900.001841,pcap-WAN1-all,IPD,all,0.0.0.0/32,-,16,6,none,0,none,4,0,sha3,1,0,0,0.000000,9,93571E-08,16,4.0,161035244,WAN CAF=4 IPD multi4, V8.3
2024-05-09,11:48:13,20:51:27.780967,100.00%,9.5,161035244,90662447,900.001841,pcap-WAN1-all,IPD,all,0.0.0.0/32,-,4,4,none,0,none,0,0,sha3,2,0,0,0.000000,4,96786E-08,8,4.0,80517622,WAN round 4, V8.0
2024-05-18,01:26:41,14:55:03.634812,100.00%,9.5,161035244,90662447,900.001841,pcap-WAN1-all,IPD,all,0.0.0.0/32,-,8,6,none,0,none,0,0,sha3,1,0,0,0.000000,4,96786E-08,8,8.0,161035244,WAN CAF=4 IPD ecc+multi2, V8.3
2024-05-19,03:46:39,15:25:19.765385,100.00%,9.5,161035244,90662447,900.001841,pcap-WAN1-all,IPD,all,0.0.0.0/32,-,8,6,none,0,none,2,0,sha3,1,0,0,0.000000,4,96786E-08,8,4.0,161035244,WAN CAF=4 IPD multi2, V8.3
2024-05-20,13:03:37,12:04:25.434906,100.00%,9.5,161035244,90662447,900.001841,pcap-WAN1-all,IPD,all,0.0.0.0/32,-,8,6,none,0,none,2,0,sha3,1,0,0,0.000000,4,96786E-08,8,4.0,161035244,WAN CAF=4 IPD multi2, V8.3
2024-05-09,23:38:55,11:56:09.361710,100.00%,9.5,161035244,90662447,900.001841,pcap-WAN1-all,IPD,all,0.0.0.0/32,-,4,2,none,0,none,0,0,sha3,0,0,0,0.000000,0,0,0,0,WAN round 2, V8.0
2024-05-09,23:44:27,11:56:11.845185,100.00%,9.5,161035244,90662447,900.001841,pcap-WAN1-all,IPD,all,0.0.0.0/32,-,4,0,none,0,none,0,0,sha3,0,0,0,0.000000,0,0,0,0,WAN round 0, V8.0
2024-05-08,13:54:41,0:33:51.334499,100.00%,2.31,5177087,206300,96342.567219,pcap-LAN-all,tcp_seq,broadcast_domain,10.0.0.0/24,-,4,6,none,0,none,0,0,sha3,0,0,0,0.000000,0,0,0,0,LAN source:tcp_seq, V8.0
2024-05-17,10:31:20,0:51:36.545464,31.08%,2.31,5177087,206300,96342.567219,pcap-LAN-all,IPD,broadcast_domain,10.0.0.0/24,-,16,6,none,0,hamming,0,0,sha3,0,0,0,0.000000,0,0,0,0,LAN CAF=4 IPD ecc+multi4, V8.3
2024-05-18,01:27:43,14:56:03.846417,100.00%,9.5,161035244,90662447,900.001841,pcap-WAN1-all,IPD,all,0.0.0.0/32,-,16,6,none,0,none,0,0,sha3,0,0,0,0.000000,0,0,0,0,WAN CAF=4 IPD ecc+multi4, V8.3
2024-05-22,00:15:36,0:34:41.629695,10.45%,2.31,5177087,206300,96342.567219,pcap-LAN-all,ICD,broadcast_domain,10.0.0.0/24,-,32,6,none,0,none,4,0,sha3,0,0,0,0.000000,0,0,0,0,LAN CAF=8 OTHER multi4, V8.3
2024-05-23,02:21:22,0:29:20.957660,10.45%,2.31,5177087,206300,96342.567219,pcap-LAN-all,ICD,broadcast_domain,10.0.0.0/24,-,32,6,none,0,none,4,0,sha3,0,0,0,0.000000,0,0,0,0,LAN CAF=8 OTHER multi4, V8.4
2024-05-27,13:41:06,14:58:49.355927,3.74%,9.5,161035244,90662447,900.001841,pcap-WAN1-all,ICD,all,0.0.0.0/32,-,32,6,none,0,none,4,0,sha3,0,0,0,0.000000,0,0,0,0,WAN CAF=8 ICD multi4, V8.4
2024-05-24,08:38:32,0:41:28.912082,31.08%,2.31,5177087,206300,96342.567219,pcap-LAN-all,IPD,broadcast_domain,10.0.0.0/24,-,2,6,none,0,inline-hamming+,0,0,sha3,7282,0,0,0.000000,0,14564,2.0,710,94,LAN CAF=2 IPD iecc, V8.4
2024-05-23,16:27:43,0:58:12.325316,31.08%,2.31,5177087,206300,96342.567219,pcap-LAN-all,IPD,broadcast_domain,10.0.0.0/24,-,2,6,none,0,inline-hamming+,0,0,sha3,7282,0,0,0.000000,0,14564,2.0,710,94,LAN CAF=2 IPD iecc, V8.4
2024-05-23,16:21:08,0:51:37.849474,31.91%,2.31,5177087,206300,96342.567219,pcap-LAN-all,IPD,broadcast_domain,10.0.0.0/24,-,2,6,iphash,32,none,0,0,sha3,7219,0,0,0.000000,0,14438,2.0,717,15,LAN CAF=2 IPD mux32, V8.4
2024-05-23,16:21:12,0:51:41.336677,31.91%,2.31,5177087,206300,96342.567219,pcap-LAN-all,IPD,broadcast_domain,10.0.0.0/24,-,2,6,iphash,16,none,0,0,sha3,7219,0,0,0.000000,0,14438,2.0,717,15,LAN CAF=2 IPD mux16, V8.4
2024-05-23,16:21:28,0:51:58.119423,31.91%,2.31,5177087,206300,96342.567219,pcap-LAN-all,IPD,broadcast_domain,10.0.0.0/24,-,2,6,iphash,64,none,0,0,sha3,7219,0,0,0.000000,0,14438,2.0,717,15,LAN CAF=2 IPD mux64, V8.4
2024-05-24,08:38:04,0:41:01.191122,10.45%,2.31,5177087,206300,96342.567219,pcap-LAN-all,ICD,broadcast_domain,10.0.0.0/24,-,2,6,none,0,inline-hamming+,0,0,sha3,7162,0,0,0.000000,0,14324,2.0,722,85,LAN CAF=2 OTHER iecc, V8.4
2024-05-23,16:21:03,0:51:32.306513,10.45%,2.31,5177087,206300,96342.567219,pcap-LAN-all,ICD,broadcast_domain,10.0.0.0/24,-,4,6,none,0,inline-hamming+,0,0,sha3,1721,0,0,0.000000,0,6884,4.0,3008,19,LAN CAF=4 OTHER iecc, V8.4
2024-05-24,08:33:13,0:36:09.225070,10.45%,2.31,5177087,206300,96342.567219,pcap-LAN-all,ICD,broadcast_domain,10.0.0.0/24,-,4,6,iphash,1,hamming+,0,0,sha3,1032,0,0,0.000000,0,4128,4.0,5016,56,LAN CAF=4 OTHER mux+ecc, V8.4
2024-05-23,16:20:11,0:50:41.117836,10.45%,2.31,5177087,206300,96342.567219,pcap-LAN-all,ICD,broadcast_domain,10.0.0.0/24,-,4,6,iphash,1,hamming+,0,0,sha3,1032,0,0,0.000000,0,4128,4.0,5016,56,LAN CAF=4 OTHER mux+ecc, V8.4
2024-05-24,08:32:52,0:35:48.723002,31.08%,2.31,5177087,206300,96342.567219,pcap-LAN-all,IPD,broadcast_domain,10.0.0.0/24,-,2,6,none,0,hamming,0,0,sha3,895,0,0,0.000000,0,1790,2.0,5784,45,LAN CAF=2 IPD ecc, V8.4
2024-05-24,18:39:33,10:42:29.759908,100.00%,9.5,161035244,90662447,900.001841,pcap-WAN1-all,IPD,all,0.0.0.0/32,-,2,6,none,0,hamming,0,0,sha3,23475,0,52,0.000001,0,46950,2.0,6859,86,WAN CAF=2 IPD ecc, V8.4
2024-05-25,17:24:38,8:33:35.023459,100.00%,9.5,161035244,90662447,900.001841,pcap-WAN1-all,IPD,all,0.0.0.0/32,-,8,6,iphash,4,none,0,0,sha3,9329,0,82,0.000001,0,74632,8.0,17261,79,WAN CAF=8 IPD mux4, V8.4
2024-05-27,10:41:45,11:59:28.033496,3.74%,9.5,161035244,90662447,900.001841,pcap-WAN1-all,ICD,all,0.0.0.0/32,-,16,6,none,0,none,2,0,sha3,7267,1,129,0.000001,0,116272,8.0,22159,8,WAN CAF=8 ICD multi2, V8.4
2024-05-24,08:32:56,0:35:52.715701,10.45%,2.31,5177087,206300,96342.567219,pcap-LAN-all,ICD,broadcast_domain,10.0.0.0/24,-,4,6,none,0,hamming,0,0,sha3,222,0,0,0.000000,0,888,4.0,23320,21,LAN CAF=4 OTHER ecc, V8.4
2024-05-24,08:32:54,0:35:50.392744,31.08%,2.31,5177087,206300,96342.567219,pcap-LAN-all,IPD,broadcast_domain,10.0.0.0/24,-,4,6,none,0,hamming,0,0,sha3,203,0,0,0.000000,0,812,4.0,25502,89,LAN CAF=4 IPD ecc, V8.4
2024-05-23,17:15:35,0:47:50.560269,31.60%,2.31,5177087,206300,96342.567219,pcap-LAN-all,IPD,broadcast_domain,10.0.0.0/24,-,8,6,iphash,2,none,0,0,sha3,119,0,0,0.000000,0,952,8.0,43504,93,LAN CAF=8 IPD mux2, V8.4
2024-05-23,18:05:30,0:49:51.571626,31.61%,2.31,5177087,206300,96342.567219,pcap-LAN-all,IPD,broadcast_domain,10.0.0.0/24,-,8,6,iphash,4,none,0,0,sha3,119,0,0,0.000000,0,952,8.0,43504,93,LAN CAF=8 IPD mux4, V8.4
2024-05-23,18:55:48,0:50:14.278369,31.91%,2.31,5177087,206300,96342.567219,pcap-LAN-all,IPD,broadcast_domain,10.0.0.0/24,-,8,6,iphash,6,none,0,0,sha3,114,0,0,0.000000,0,912,8.0,45413,04,LAN CAF=8 IPD mux6, V8.4
2024-05-23,19:45:12,0:49:20.925510,31.91%,2.31,5177087,206300,96342.567219,pcap-LAN-all,IPD,broadcast_domain,10.0.0.0/24,-,8,6,iphash,8,none,0,0,sha3,114,0,0,0.000000,0,912,8.0,45413,04,LAN CAF=8 IPD mux8, V8.4
2024-05-23,20:37:03,0:51:47.736715,31.91%,2.31,5177087,206300,96342.567219,pcap-LAN-all,IPD,broadcast_domain,10.0.0.0/24,-,8,6,iphash,16,none,0,0,sha3,114,0,0,0.000000,0,912,8.0,45413,04,LAN CAF=8 IPD mux16, V8.4
2024-05-23,21:23:25,0:46:18.315986,31.91%,2.31,5177087,206300,96342.567219,pcap-LAN-all,IPD,broadcast_domain,10.0.0.0/24,-,8,6,iphash,32,none,0,0,sha3,114,0,0,0.000000,0,912,8.0,45413,04,LAN CAF=8 IPD mux32, V8.4
2024-05-23,22:11:38,0:48:09.737544,31.91%,2.31,5177087,206300,96342.567219,pcap-LAN-all,IPD,broadcast_domain,10.0.0.0/24,-,8,6,iphash,64,none,0,0,sha3,114,0,0,0.000000,0,912,8.0,45413,04,LAN CAF=8 IPD mux64, V8.4
2024-05-23,23:37:02,0:34:38.576103,10.45%,2.31,5177087,206300,96342.567219,pcap-LAN-all,ICD,broadcast_domain,10.0.0.0/24,-,8,6,none,0,inline-hamming+,0,0,sha3,104,0,0,0.000000,0,832,8.0,49779,68,LAN CAF=8 ICD iecc, V8.4
2024-05-24,09:20:27,0:47:12.139503,10.45%,2.31,5177087,206300,96342.567219,pcap-LAN-all,ICD,broadcast_domain,10.0.0.0/24,-,8,6,none,0,hamming+,0,0,sha3,53,0,0,0.000000,0,424,8.0,97680,89,LAN CAF=8 ICD ecc+, V8.4
2024-05-23,23:02:21,0:50:40.566018,10.45%,2.31,5177087,206300,96342.567219,pcap-LAN-all,ICD,broadcast_domain,10.0.0.0/24,-,8,6,none,0,hamming+,0,0,sha3,53,0,0,0.000000,0,424,8.0,97680,89,LAN CAF=8 ICD ecc, V8.4
2024-05-24,09:19:32,0:46:33.508653,10.45%,2.31,5177087,206300,96342.567219,pcap-LAN-all,ICD,broadcast_domain,10.0.0.0/24,-,8,6,none,0,hamming,0,0,sha3,7,0,0,0.000000,0,56,8.0,739583,86,LAN CAF=8 ICD ecc, V8.4
2024-05-25,17:22:14,8:31:10.312492,100.00%,9.5,161035244,90662447,900.001841,pcap-WAN1-all,IPD,all,0.0.0.0/32,-,8,6,iphash,2,none,0,0,sha3,15,0,0,0.000000,0,120,8.0,10735682,93,WAN CAF=8 IPD mux2, V8.4
2024-05-24,18:36:15,10:39:11.523521,100.00%,9.5,161035244,90662447,900.001841,pcap-WAN1-all,IPD,all,0.0.0.0/32,-,4,6,none,0,hamming,0,0,sha3,5,0,0,0.000000,0,20,4.0,32207048,8,WAN CAF=4 IPD ecc, V8.4
,,,,,,,,,,,,,,,,,,,,,,,,,,,,,
,,,,,,,,,,,,,,,,,,,,,,,,,,,,,
,,,,,,,,,,,,,,,,,,,,,,,,,,,,,
,,,,,,,,,,,,,,,,,,,,,,,,,,,,,
,,,,,,,,,,,,,,,,,,,,,,,,,,,,,
,,,,,,,,,,,,,,,,,,,,,,,,,,,,,
,,,,,,,,,,,,,,,,,,,,,,,,,,,,,
,,,,,,,,,,,,,,,,,,,,,,,,,,,,,
,,,,,,,,,,,,,,,,,,,,,,,,,,,,,
,,,,,,,,,,,,,,,,,,,,,,,,,,,,,
,,,,,,,,,,,,,,,,,,,,,,,,,,,,,
,,,,,,,,,,,,,,,,,,,,,,,,,,,,,
,,,,,,,,,,,,,,,,,,,,,,,,,,,,,
,,,,,,,,,,,,,,,,,,,,,,,,,,,,,
,,,,,,,,,,,,,,,,,,,,,,,,,,,,,
,,,,,,,,,,,,,,,,,,,,,,,,,,,,,
,,,,,,,,,,,,,,,,,,,,,,,,,,,,,
,,,,,,,,,,,,,,,,,,,,,,,,,,,,,
,,,,,,,,,,,,,,,,,,,,,,,,,,,,,
,,,,,,,,,,,,,,,,,,,,,,,,,,,,,
,,,,,,,,,,,,,,,,,,,,,,,,,,,,,
,,,,,,,,,,,,,,,,,,,,,,,,,,,,,
,,,,,,,,,,,,,,,,,,,,,,,,,,,,,
,,,,,,,,,,,,,,,,,,,,,,,,,,,,,
,,,,,,,,,,,,,,,,,,,,,,,,,,,,,
,,,,,,,,,,,,,,,,,,,,,,,,,,,,,
,,,,,,,,,,,,,,,,,,,,,,,,,,,,,
,,,,,,,,,,,,,,,,,,,,,,,,,,,,,
,,,,,,,,,,,,,,,,,,,,,,,,,,,,,
,,,,,,,,,,,,,,,,,,,,,,,,,,,,,
,,,,,,,,,,,,,,,,,,,,,,,,,,,,,
,,,,,,,,,,,,,,,,,,,,,,,,,,,,,
,,,,,,,,,,,,,,,,,,,,,,,,,,,,,
,,,,,,,,,,,,,,,,,,,,,,,,,,,,,
,,,,,,,,,,,,,,,,,,,,,,,,,,,,,
,,,,,,,,,,,,,,,,,,,,,,,,,,,,,
,,,,,,,,,,,,,,,,,,,,,,,,,,,,,
,,,,,,,,,,,,,,,,,,,,,,,,,,,,,
,,,,,,,,,,,,,,,,,,,,,,,,,,,,,
,,,,,,,,,,,,,,,,,,,,,,,,,,,,,
,,,,,,,,,,,,,,,,,,,,,,,,,,,,,
,,,,,,,,,,,,,,,,,,,,,,,,,,,,,
,,,,,,,,,,,,,,,,,,,,,,,,,,,,,
,,,,,,,,,,,,,,,,,,,,,,,,,,,,,
,,,,,,,,,,,,,,,,,,,,,,,,,,,,,
,,,,,,,,,,,,,,,,,,,,,,,,,,,,,
,,,,,,,,,,,,,,,,,,,,,,,,,,,,,
,,,,,,,,,,,,,,,,,,,,,,,,,,,,,
,,,,,,,,,,,,,,,,,,,,,,,,,,,,,
,,,,,,,,,,,,,,,,,,,,,,,,,,,,,
,,,,,,,,,,,,,,,,,,,,,,,,,,,,,
,,,,,,,,,,,,,,,,,,,,,,,,,,,,,
,,,,,,,,,,,,,,,,,,,,,,,,,,,,,
,,,,,,,,,,,,,,,,,,,,,,,,,,,,,
,,,,,,,,,,,,,,,,,,,,,,,,,,,,,
,,,,,,,,,,,,,,,,,,,,,,,,,,,,,
,,,,,,,,,,,,,,,,,,,,,,,,,,,,,
,,,,,,,,,,,,,,,,,,,,,,,,,,,,,
,,,,,,,,,,,,,,,,,,,,,,,,,,,,,
,,,,,,,,,,,,,,,,,,,,,,,,,,,,,
,,,,,,,,,,,,,,,,,,,,,,,,,,,,,
,,,,,,,,,,,,,,,,,,,,,,,,,,,,,
,,,,,,,,,,,,,,,,,,,,,,,,,,,,,
,,,,,,,,,,,,,,,,,,,,,,,,,,,,,
,,,,,,,,,,,,,,,,,,,,,,,,,,,,,
,,,,,,,,,,,,,,,,,,,,,,,,,,,,,
,,,,,,,,,,,,,,,,,,,,,,,,,,,,,
,,,,,,,,,,,,,,,,,,,,,,,,,,,,,
,,,,,,,,,,,,,,,,,,,,,,,,,,,,,
,,,,,,,,,,,,,,,,,,,,,,,,,,,,,
,,,,,,,,,,,,,,,,,,,,,,,,,,,,,
,,,,,,,,,,,,,,,,,,,,,,,,,,,,,
,,,,,,,,,,,,,,,,,,,,,,,,,,,,,
,,,,,,,,,,,,,,,,,,,,,,,,,,,,,
,,,,,,,,,,,,,,,,,,,,,,,,,,,,,
,,,,,,,,,,,,,,,,,,,,,,,,,,,,,
,,,,,,,,,,,,,,,,,,,,,,,,,,,,,
,,,,,,,,,,,,,,,,,,,,,,,,,,,,,
,,,,,,,,,,,,,,,,,,,,,,,,,,,,,
,,,,,,,,,,,,,,,,,,,,,,,,,,,,,
,,,,,,,,,,,,,,,,,,,,,,,,,,,,,
,,,,,,,,,,,,,,,,,,,,,,,,,,,,,
,,,,,,,,,,,,,,,,,,,,,,,,,,,,,
,,,,,,,,,,,,,,,,,,,,,,,,,,,,,
,,,,,,,,,,,,,,,,,,,,,,,,,,,,,
,,,,,,,,,,,,,,,,,,,,,,,,,,,,,
,,,,,,,,,,,,,,,,,,,,,,,,,,,,,
,,,,,,,,,,,,,,,,,,,,,,,,,,,,,
,,,,,,,,,,,,,,,,,,,,,,,,,,,,,
,,,,,,,,,,,,,,,,,,,,,,,,,,,,,
,,,,,,,,,,,,,,,,,,,,,,,,,,,,,
,,,,,,,,,,,,,,,,,,,,,,,,,,,,,
,,,,,,,,,,,,,,,,,,,,,,,,,,,,,
,,,,,,,,,,,,,,,,,,,,,,,,,,,,,
,,,,,,,,,,,,,,,,,,,,,,,,,,,,,
,,,,,,,,,,,,,,,,,,,,,,,,,,,,,
,,,,,,,,,,,,,,,,,,,,,,,,,,,,,
,,,,,,,,,,,,,,,,,,,,,,,,,,,,,
