parameters,FITNESS,bps,mps,caf,sbw,avgdistance_all,avgdistance_poi,watchdog_hitrate,count_packets_rec,count_poi_rec,count_cc_rec,count_cc_ignored_in_silence,count_cc_pointer_rec,count_data_ignored_in_silence,count_data_ignored_in_timeoput,count_data_ecc_matches,count_watchdog_ecc_matches,secret_bits_count,secret_message,timestamp_start,timestamp_stop,duration_seconds,source_ip,comment
broadcast_bpf:ISD:3b:2r:2m:none,241.0247,241.0247,80.3416,1.5,0.421276596,7.121212121,7.121212121,1,705,705,102,1,99,10,0,99,99,297,,1738700283,2/4/2025 21:18,1.232239008,127.0.0.1,Version 3.0
broadcast_bpf:ISD:3b:2r:2m:none,237.7433,237.7433,79.2478,1.5,0.429184549,6.99,6.99,1,699,699,102,0,100,1,0,100,100,300,,1738700293,2/4/2025 21:18,1.261865139,127.0.0.1,Version 3.0
broadcast_bpf:ISD:3b:2r:2m:none,233.2224,233.2224,77.7408,1.5,0.148091603,20.25773196,13.77319588,1,1965,1336,102,3,97,25,0,97,97,291,010000100111001001110101011000110110010100100000010100110110001101101000011100110010101101001011001010111001000100000000110110000101101110001000000111010001110010011000010110111001110011011011010110100101110100001000000111001101101001011011000110101101110011101000110110001111001001011100010,1737898033,1/26/2025 14:27,1.247735977,127.0.0.1,Version 2.0
broadcast_bpf:ISD:3b:2r:2m:none,232.7299,232.7299,77.5766,1.5,0.384615385,7.8,7.8,1,780,780,102,0,100,12,0,100,100,300,,1738700189,2/4/2025 21:16,1.289047956,127.0.0.1,Version 3.0
broadcast_bpf:ISD:3b:2r:2m:none,207.4405,207.4405,69.1468,1.5,0.427350427,7.02,7.02,1,702,702,102,0,100,1,0,100,100,300,,1738700228,2/4/2025 21:17,1.446197987,127.0.0.1,Version 3.0
broadcast_bpf:ISD:3b:2r:2m:none,206.9339,206.9339,68.978,1.5,0.427350427,7.02,7.02,1,702,702,102,0,100,1,0,100,100,300,,1738700109,2/4/2025 21:15,1.449738026,127.0.0.1,Version 3.0
broadcast_bpf:ISD:3b:2r:2m:none,189.8148,189.8148,63.2716,1.5,0.438596491,6.84,5.01,1,684,501,102,0,100,0,0,100,100,300,010000100111001001110101011000110110010100100000010100110110001101101000011011100110010101101001011001010111001000100000011000110110000101101110001000000111010001110010011000010110111001110011011011010110100101110100001000000111001101101001011011000110010101101110011101000110110001111001001011100010,1737897995,1/26/2025 14:26,1.580487967,127.0.0.1,Version 2.0
broadcast_bpf:ISD:3b:2r:2m:none,102.9161,102.9161,34.3054,1.5,0.371287129,8.08,5.76,1,808,576,102,0,100,0,0,100,100,300,010000100111001001110101011000110110010100100000010100110110001101101000011011100110010101101001011001010111001000100000011000110110000101101110001000000111010001110010011000010110111001110011011011010110100101110100001000000111001101101001011011000110010101101110011101000110110001111001001011100010,1737897962,1/26/2025 14:26,2.914996862,127.0.0.1,Version 2.0
broadcast_bpf:ISD:3b:2r:2m:none,71.5377,71.5377,23.8459,1.5,0.571428571,5.25,3.88,1,525,388,102,0,100,2,0,100,100,300,010000100111001001110101011000110110010100100000010100110110001101101000011011100110010101101001011001010111001000100000011000110110000101101110001000000111010001110010011000010110111001110011011011010110100101110100001000000111001101101001011011000110010101101110011101000110110001111001001011100010,1737897931,1/26/2025 14:25,4.193594933,127.0.0.1,Version 2.0
broadcast_bpf:ISD:3b:5r:2m:none,59.5291,59.5291,19.843,1.5,0.293542074,10.22,7.12,1,1022,712,102,0,100,0,0,100,100,300,010000100111001001110101011000110110010100100000010100110110001101101000011011100110010101101001011001010111001000100000011000110110000101101110001000000111010001110010011000010110111001110011011011010110100101110100001000000111001101101001011011000110010101101110011101000110110001111001001011100010,1737897615,1/26/2025 14:20,5.03955102,127.0.0.1,Version 2.0
broadcast_bpf:ISD:3b:5r:2m:none,56.52294118,57.6534,19.2178,1.5,0.467175573,6.421568627,4.382352941,0.980392157,655,447,106,0,102,0,0,102,100,300,010000100111001001110101011000110110010100100000010100110110001101101000011011100110010101101001011001010111001000100000011000110110000101101110001000000111010001110010011000010110111001110011011011010110100101110100001000000111001101101001011011000110010101101110011101000110110001111001001011100010,1737897789,1/26/2025 14:23,5.203504801,127.0.0.1,Version 2.0
broadcast_bpf:ISD:3b:2r:2m:none,43.58566667,65.3785,21.7928,1.5,0.300646552,9.978494624,9.978494624,0.666666667,928,928,150,50,93,7,0,93,62,186,,1738700204,2/4/2025 21:16,2.844971895,127.0.0.1,Version 3.0
broadcast_bpf:ISPN:3b:0r:2m:none,26.47056075,28.3235,9.4412,1.5,0.75,4,4,0.934579439,428,428,116,6,107,9,0,107,100,300,,1738705209,2/4/2025 22:40,10.591923,127.0.0.1,Version 3.0
broadcast_bpf:ISD:3b:2r:2m:none,24.1932,24.1932,8.0644,1.5,0.717703349,4.18,4.18,1,418,418,102,0,100,0,0,100,100,300,,1738705298,2/4/2025 22:41,12.40018106,127.0.0.1,Version 3.0
all:ISPN:2b:2r:0m:none,11.81597593,12.8469,6.4235,2,0.441416894,4.530864198,4.530864198,0.919753086,734,734,177,13,162,6,0,162,149,298,,1738777558,2/5/2025 18:46,23.19621205,127.0.0.1,Version 3.0
broadcast_bpf:ISD:3b:2r:2m:none,11.6452521,27.7157,9.2386,1.5,0.202151755,14.84033613,14.84033613,0.420168067,1766,1766,189,67,119,27,0,119,50,150,,1738693460,2/4/2025 19:24,5.412088871,127.0.0.1,Version 3.0
broadcast_bpf:ISD:2b:2r:0m:none,10.06298947,10.2656,5.1328,2,0.377639752,5.296052632,5.296052632,0.980263158,805,805,157,0,152,8,0,152,149,298,0100001001110010011101010110001101100101001000000101001101100011011010000110111001100101011010010110010101110010001000000110001101100001011011100010000001110100011100100110000101101110011100110110110101101001011101000010000001110011011010010110110001100101011011100111010001101100011110010010111001,1737898754,1/26/2025 14:39,29.02885199,127.0.0.1,Version 2.0
all:timestamp:2b:2r:0m:inline-hamming+,9.970887742,10.3724,5.1862,2,0.37037037,5.4,5.4,0.961290323,837,837,163,6,155,16,0,155,149,298,,1738780279,2/5/2025 19:31,28.730093,127.0.0.1,Version 3.0
broadcast_bpf:ISD:3b:5r:2m:none,9.961511111,22.4134,7.4711,1.5,0.388489209,7.722222222,5.527777778,0.444444444,834,597,199,40,108,0,0,108,48,144,1.00E+142,1737897666,1/26/2025 14:21,6.424740076,127.0.0.1,Version 2.0
broadcast_bpf:timestamp:2b:2r:0m:none,9.643183871,10.0315,5.0157,2,0.366863905,5.451612903,5.451612903,0.961290323,845,845,163,6,155,2,0,155,149,298,,1738770555,2/5/2025 16:49,29.70647001,127.0.0.1,Version 3.0
all:ICD:2b:2r:0m:none,9.510820886,10.0853,5.0426,2,0.357062147,5.601265823,5.601265823,0.943037975,885,885,169,9,158,20,0,158,149,298,,1738773155,2/5/2025 17:33,29.547966,127.0.0.1,Version 3.0
broadcast_bpf:ISD:3b:4r:2m:none,9.497101935,14.8692,4.9564,1.5,0.625841184,4.793548387,4.793548387,0.638709677,743,743,212,54,155,26,0,155,99,297,,1738705484,2/4/2025 22:45,19.97417712,127.0.0.1,Version 3.0
broadcast_bpf:ISPN:3b:4r:2m:none,9.278093805,28.3358,9.4453,1.5,0.231715653,12.94690265,12.94690265,0.327433628,1463,1463,190,75,113,0,0,113,37,111,,1738693601,2/4/2025 19:26,3.91730094,127.0.0.1,Version 3.0
broadcast_bpf:timestamp:2b:2r:0m:inline-hamming+,8.603740645,8.9502,4.4751,2,0.345596433,5.787096774,5.787096774,0.961290323,897,897,163,6,155,9,0,155,149,298,,1738771771,2/5/2025 17:10,33.29540014,127.0.0.1,Version 3.0
broadcast_bpf:ISD:2b:2r:0m:inline-hamming+,8.5848,8.5848,4.2924,2,0.32568306,6.140939597,6.140939597,1,915,915,151,0,149,5,0,149,149,298,,1738764403,2/5/2025 15:07,34.71261191,127.0.0.1,Version 3.0
broadcast_bpf:ISD:2b:4r:0m:inline-hamming+,8.477554878,9.331,4.6655,2,0.358862144,5.573170732,5.573170732,0.908536585,914,914,181,14,164,12,0,164,149,298,,1738781495,2/5/2025 19:52,31.936553,127.0.0.1,Version 3.0
all:ICD:2b:2r:0m:inline-hamming+,8.201013855,9.1367,4.5684,2,0.328063241,6.096385542,6.096385542,0.897590361,1012,1012,185,16,166,42,0,166,149,298,,1738774301,2/5/2025 17:52,32.61554813,127.0.0.1,Version 3.0
broadcast_bpf:ICD:2b:2r:0m:inline-hamming+,8.198076129,8.5282,4.2641,2,0.321576763,6.219354839,6.219354839,0.961290323,964,964,163,6,155,24,0,155,149,298,,1738765668,2/5/2025 15:28,34.9429059,127.0.0.1,Version 3.0
broadcast_bpf:ICD:2b:2r:0m:none,8.17934557,8.6734,4.3367,2,0.29124424,6.867088608,6.867088608,0.943037975,1085,1085,169,9,158,59,0,158,149,298,,1738764519,2/5/2025 15:09,34.35807896,127.0.0.1,Version 3.0
all:ISD:2b:2r:0m:inline-hamming+,8.041756329,8.5275,4.2638,2,0.31256182,6.398734177,6.398734177,0.943037975,1011,1011,169,9,158,25,0,158,149,298,,1738773032,2/5/2025 17:31,34.94556308,127.0.0.1,Version 3.0
broadcast_bpf:ISPN:2b:4r:0m:none,7.954851531,10.4641,5.232,2,0.424702059,4.709183673,4.709183673,0.760204082,923,923,245,29,196,15,0,196,149,298,,1738704586,2/4/2025 22:30,28.47843719,127.0.0.1,Version 3.0
broadcast_bpf:ISD:2b:4r:0m:none,7.90866087,8.5456,4.2728,2,0.334371755,5.98136646,5.98136646,0.925465839,963,963,175,7,161,15,0,161,149,298,,1738704479,2/4/2025 22:28,34.87182808,127.0.0.1,Version 3.0
all:timestamp:2b:2r:0m:none,7.801312717,9.0579,4.5289,2,0.318014706,6.289017341,6.289017341,0.861271676,1088,1088,199,24,173,58,0,173,149,298,,1738779151,2/5/2025 19:13,32.89946508,127.0.0.1,Version 3.0
broadcast_bpf:ISD:2b:2r:0m:none,7.468159375,8.0195,4.0098,2,0.322255791,6.20625,6.20625,0.93125,993,993,173,9,160,13,0,160,149,298,,1738704260,2/4/2025 22:24,37.15924311,127.0.0.1,Version 3.0
all:ISD:2b:2r:0m:none,7.305063636,9.1681,4.584,2,0.332149201,6.021390374,6.021390374,0.796791444,1126,1126,227,37,187,65,0,187,149,298,,1738771863,2/5/2025 17:11,32.50415015,127.0.0.1,Version 3.0
broadcast_bpf:ISPN:2b:0r:0m:inline-hamming+,7.212134872,9.4387,4.7193,2,0.416221985,4.805128205,4.805128205,0.764102564,937,937,243,46,195,1,0,195,149,298,,1738748493,2/5/2025 10:42,31.57223797,127.0.0.1,Version 3.0
broadcast_bpf:ISPN:3b:2r:2m:none,6.986662185,23.0948,7.6983,1.5,0.220234423,13.62184874,13.62184874,0.302521008,1621,1621,204,81,119,2,0,119,36,108,,1738693508,2/4/2025 19:25,4.676371098,127.0.0.1,Version 3.0
broadcast_bpf:ISPN:3b:0r:2m:none,6.852765625,21.394,7.1313,1.5,0.211105003,14.2109375,14.2109375,0.3203125,1819,1819,217,87,128,11,0,128,41,123,,1738693412,2/4/2025 19:23,5.749268055,127.0.0.1,Version 3.0
broadcast_bpf:ISPN:3b:2r:0m:none,6.592574257,6.6585,2.2195,3,0.282385834,10.62376238,10.62376238,0.99009901,1073,1073,104,1,101,8,0,101,100,300,,1738705327,2/4/2025 22:42,45.055089,127.0.0.1,Version 3.0
broadcast_bpf:ISPN:3b:4r:0m:none,6.574752475,6.6405,2.2135,3,0.281860465,10.64356436,10.64356436,0.99009901,1075,1075,104,1,101,7,0,101,100,300,,1738705535,2/4/2025 22:46,45.17746997,127.0.0.1,Version 3.0
broadcast_bpf:ISPN:3b:0r:0m:none,6.480098039,6.6097,2.2032,3,0.281767956,10.64705882,10.64705882,0.980392157,1086,1086,106,1,102,13,0,102,100,300,,1738705158,2/4/2025 22:40,45.38815093,127.0.0.1,Version 3.0
broadcast_bpf:ISD:3b:2r:0m:none,5.96733945,6.5044,2.1681,3,0.287093942,10.44954128,10.44954128,0.917431193,1139,1139,120,9,109,24,0,109,100,300,,1738705246,2/4/2025 22:41,46.12250781,127.0.0.1,Version 3.0
broadcast_bpf:ISD:3b:4r:0m:none,5.097678571,5.7094,1.9031,3,0.267729084,11.20535714,11.20535714,0.892857143,1255,1255,126,11,112,14,0,112,100,300,,1738705425,2/4/2025 22:44,52.54471993,127.0.0.1,Version 3.0
broadcast_bpf:ISD:2b:2r:0m:none,4.495877193,10.2506,5.1253,2,0.198088619,10.09649123,10.09649123,0.438596491,2302,2302,346,6,228,9,0,228,100,200,1.00E+195,1737898612,1/26/2025 14:37,19.51107407,127.0.0.1,Version 2.0
all:ISPN:2b:2r:0m:inline-hamming+,4.260096958,7.5195,3.7597,2,0.409020218,4.88973384,4.88973384,0.566539924,1286,1286,379,111,263,51,0,263,149,298,,1738779030,2/5/2025 19:11,39.63033104,127.0.0.1,Version 3.0
broadcast_bpf:ISPN:3b:2r:2m:none,4.222244898,10.3445,3.4482,1.5,0.690140845,4.346938776,4.346938776,0.408163265,1065,1065,392,142,245,9,0,245,100,300,,1738705378,2/4/2025 22:43,29.00086808,127.0.0.1,Version 3.0
all:ISPN:2b:0r:0m:inline-hamming+,3.387918855,6.7531,3.3766,2,0.397590361,5.03030303,5.03030303,0.501683502,1494,1494,447,147,297,32,0,297,149,298,,1738760820,2/5/2025 14:07,44.12771201,127.0.0.1,Version 3.0
broadcast_bpf:ISPN:2b:4r:0m:none,3.160393401,10.5525,5.2762,2,0.137665968,14.52791878,14.52791878,0.299492386,2862,2862,337,136,197,1,0,197,59,118,,1738692737,2/4/2025 19:12,11.18219495,127.0.0.1,Version 3.0
broadcast_bpf:ISPN:2b:0r:0m:none,3.0343995,10.2861,5.143,2,0.136518771,14.65,14.65,0.295,2930,2930,343,139,200,5,0,200,59,118,,1738692574,2/4/2025 19:09,11.47181702,127.0.0.1,Version 3.0
broadcast_bpf:ISPN:2b:2r:0m:none,2.972314439,10.6889,5.3445,2,0.143846154,13.90374332,13.90374332,0.278074866,2600,2600,324,134,187,0,0,187,52,104,,1738692661,2/4/2025 19:11,9.729677916,127.0.0.1,Version 3.0
broadcast_bpf:ISD:3b:5r:2m:none,2.846052336,11.7126,3.9042,1.5,0.297497683,10.08411215,7.635514019,0.242990654,1079,817,227,56,107,1,0,107,26,78,1.11E+77,1737897762,1/26/2025 14:22,6.659466982,127.0.0.1,Version 2.0
broadcast_bpf:ISD:2b:4r:0m:none,2.606981633,8.8098,4.4049,2,0.121025008,16.5255102,16.5255102,0.295918367,3239,3239,336,136,196,25,0,196,58,116,,1738692698,2/4/2025 19:11,13.16721988,127.0.0.1,Version 3.0
broadcast_bpf:ISPN:2b:2r:0m:none,2.067885714,7.2376,3.6188,2,0.223888056,8.933035714,8.933035714,0.285714286,2001,2001,348,9,224,3,0,224,64,128,1.01E+125,1737898682,1/26/2025 14:38,17.68530703,127.0.0.1,Version 2.0
broadcast_bpf:ISD:3b:0r:2m:none,1.892871287,1.9118,0.6373,1.5,0.093173432,32.1980198,32.1980198,0.99009901,3252,3252,104,1,101,38,0,101,100,300,,1738704984,2/4/2025 22:39,156.917042,127.0.0.1,Version 3.0
broadcast_bpf:ISD:8b:2r:2m:none,1.8827,1.8827,0.2353,4,0.092824427,86.18421053,86.18421053,1,3275,3275,40,0,38,30,0,38,38,304,,1738707080,2/4/2025 23:14,161.47263,127.0.0.1,Version 3.0
broadcast_bpf:ISPN:3b:4r:2m:none,1.877277159,6.8075,2.2692,1.5,0.685114504,4.378830084,4.378830084,0.275766017,1572,1572,620,254,359,14,0,359,99,297,,1738705586,2/4/2025 22:47,43.62827516,127.0.0.1,Version 3.0
broadcast_bpf:ISPN:2b:0r:0m:none,1.843461111,5.1221,2.5611,2,0.416708606,4.799516908,4.799516908,0.359903382,1987,1987,681,145,414,52,0,414,149,298,,1738704129,2/4/2025 22:23,58.17891598,127.0.0.1,Version 3.0
broadcast_bpf:ISPN:2b:2r:0m:none,1.694728074,4.9022,2.4511,2,0.429496761,4.656612529,4.656612529,0.345707657,2007,2007,715,135,431,23,0,431,149,298,,1738704347,2/4/2025 22:26,60.78919506,127.0.0.1,Version 3.0
broadcast_bpf:ISPN:8b:2r:2m:none,1.642671795,1.6859,0.2107,4,0.085083174,94.02564103,94.02564103,0.974358974,3667,3667,42,1,39,34,0,39,38,304,,1738707562,2/4/2025 23:22,180.3144739,127.0.0.1,Version 3.0
broadcast_bpf:ISPN:8b:4r:2m:none,1.638482051,1.6816,0.2102,4,0.084944187,94.17948718,94.17948718,0.974358974,3673,3673,42,1,39,39,0,39,38,304,,1738708706,2/4/2025 23:41,180.7821078,127.0.0.1,Version 3.0
all:ISPN:2b:0r:0m:none,1.568979739,4.8333,2.4167,2,0.424410541,4.712418301,4.712418301,0.324618736,2163,2163,771,304,459,41,0,459,149,298,,1738759256,2/5/2025 13:41,61.65534711,127.0.0.1,Version 3.0
broadcast_bpf:ISD:3b:4r:2m:none,1.555746528,8.9611,2.987,1.5,0.188399477,15.92361111,15.92361111,0.173611111,2293,2293,265,117,144,6,0,144,25,75,,1738693550,2/4/2025 19:25,8.369525909,127.0.0.1,Version 3.0
broadcast_bpf:ISPN:8b:0r:2m:none,1.511473171,1.6308,0.2039,4,0.087002653,91.95121951,91.95121951,0.926829268,3770,3770,46,3,41,43,0,41,38,304,,1738706578,2/4/2025 23:06,186.4074869,127.0.0.1,Version 3.0
broadcast_bpf:ISD:2b:2r:0m:none,1.49452037,5.5658,2.7829,2,0.108243548,18.47685185,18.47685185,0.268518519,3991,3991,376,154,216,1,0,216,58,116,,1738692615,2/4/2025 19:10,20.84152794,127.0.0.1,Version 3.0
broadcast_bpf:ISD:3b:5r:2m:none,1.365441441,7.5782,2.5261,1.5,0.328402367,9.135135135,6.756756757,0.18018018,1014,750,254,61,111,0,0,111,20,60,1.00E+59,1737897701,1/26/2025 14:21,7.91740489,127.0.0.1,Version 2.0
broadcast_bpf:ISD:3b:4r:2m:none,1.343366935,7.2425,2.4142,1.5,0.286153846,10.48387097,7.758064516,0.185483871,1300,962,287,65,124,1,0,124,23,69,1.00E+67,1737897871,1/26/2025 14:24,9.527090073,127.0.0.1,Version 2.0
broadcast_bpf:ISD:8b:4r:2m:none,1.33532,1.4056,0.1757,4,0.073209792,109.275,109.275,0.95,4371,4371,44,1,40,55,0,40,38,304,,1738708158,2/4/2025 23:32,216.2810621,127.0.0.1,Version 3.0
broadcast_bpf:ISD:2b:2r:0m:hamming,1.287912583,1.3052,0.6526,2,0.06444729,31.03311258,31.03311258,0.986754967,4686,4686,155,2,151,44,0,0,149,298,,1738763349,2/5/2025 14:52,228.3213751,127.0.0.1,Version 3.0
all:ISD:2b:2r:0m:hamming,1.278476582,1.3557,0.6778,2,0.064332248,31.08860759,31.08860759,0.943037975,4912,4912,169,9,158,169,0,0,149,298,,1738771987,2/5/2025 17:16,219.8140171,127.0.0.1,Version 3.0
broadcast_bpf:ISPN:2b:2r:0m:inline-hamming+,1.271375813,4.1981,2.0991,2,0.41943734,4.768292683,4.768292683,0.302845528,2346,2346,837,338,492,12,0,492,149,298,,1738770397,2/5/2025 16:47,70.98371315,127.0.0.1,Version 3.0
all:timestamp:2b:2r:0m:hamming,1.244640132,1.2697,0.6349,2,0.057959962,34.50657895,34.50657895,0.980263158,5245,5245,157,3,152,189,0,0,149,298,,1738779250,2/5/2025 19:18,234.6972079,127.0.0.1,Version 3.0
broadcast_bpf:ICD:2b:2r:0m:hamming,1.230132237,1.2549,0.6275,2,0.060739261,32.92763158,32.92763158,0.980263158,5005,5005,157,3,152,105,0,0,149,298,,1738764616,2/5/2025 15:14,237.4634671,127.0.0.1,Version 3.0
all:ICD:2b:2r:0m:hamming,1.166498077,1.2213,0.6107,2,0.056675749,35.28846154,35.28846154,0.955128205,5505,5505,165,7,156,218,0,0,149,298,,1738773249,2/5/2025 17:38,243.993633,127.0.0.1,Version 3.0
broadcast_bpf:ISD:3b:5r:2m:none,1.095385311,6.9244,2.3081,1.5,0.252857143,11.86440678,7.050847458,0.15819209,2100,1248,356,40,177,3,0,177,28,84,1.11E+83,1737896975,1/26/2025 14:09,12.13094306,127.0.0.1,Version 2.0
broadcast_bpf:ISD:2b:4r:0m:hamming,1.027330968,1.0687,0.5344,2,0.053577601,37.32903226,37.32903226,0.961290323,5786,5786,163,6,155,105,0,0,149,298,,1738780394,2/5/2025 19:37,278.8407538,127.0.0.1,Version 3.0
broadcast_bpf:ISPN:3b:4r:0m:none,0.726019608,3.7027,1.2342,3,0.089247521,33.61437908,33.61437908,0.196078431,5143,5143,278,122,153,33,0,153,30,90,,1738693572,2/4/2025 19:26,24.30633783,127.0.0.1,Version 3.0
broadcast_bpf:ISD:3b:2r:0m:none,0.703636111,3.6187,1.2062,3,0.087343308,34.34722222,34.34722222,0.194444444,4946,4946,262,115,144,41,0,144,28,84,,1738693432,2/4/2025 19:24,23.21282697,127.0.0.1,Version 3.0
broadcast_bpf:ICD:2b:4r:0m:none,0.551538512,2.2546,1.1273,2,0.324396783,6.165289256,6.165289256,0.244628099,3730,3730,1063,449,605,22,0,605,148,296,,1738781631,2/5/2025 19:56,131.288239,127.0.0.1,Version 3.0
broadcast_bpf:ICD:2b:4r:0m:inline-hamming+,0.539747785,2.2894,1.1447,2,0.329080968,6.077531646,6.077531646,0.235759494,3841,3841,1117,479,632,71,0,632,149,298,,1738782999,2/5/2025 20:18,130.1632888,127.0.0.1,Version 3.0
broadcast_bpf:ISPN:3b:2r:0m:none,0.505898693,3.0961,1.032,3,0.090265487,33.23529412,33.23529412,0.163398693,5085,5085,283,127,153,24,0,153,25,75,,1738693479,2/4/2025 19:25,24.2236402,127.0.0.1,Version 3.0
broadcast_bpf:ISD:3b:4r:0m:none,0.430356291,3.4202,1.1401,3,0.118835257,25.24503311,25.24503311,0.125827815,3812,3812,285,131,151,31,0,151,19,57,,1738693528,2/4/2025 19:25,16.66550708,127.0.0.1,Version 3.0
broadcast_bpf:ISPN:3b:0r:0m:none,0.3901,2.7307,0.9102,3,0.089910648,33.36645963,33.36645963,0.142857143,5372,5372,300,135,161,54,0,161,23,69,,1738693382,2/4/2025 19:23,25.26813507,127.0.0.1,Version 3.0
broadcast_bpf:ISPN:8b:4r:2m:none,0.006834066,0.2073,0.0259,4,0.034543298,231.5934066,231.5934066,0.032967033,21075,21075,181,86,91,180,0,91,3,24,,1738695904,2/4/2025 20:07,115.7859831,127.0.0.1,Version 3.0
broadcast_bpf:ISPN:8b:2r:2m:none,0.003076923,0.14,0.0175,4,0.035084337,228.021978,228.021978,0.021978022,20750,20750,182,88,91,117,0,91,2,16,,1738695281,2/4/2025 19:56,114.2512522,127.0.0.1,Version 3.0
broadcast_bpf:ISPN:8b:0r:0m:none,0.002232877,0.0815,0.0102,8,0.016652884,480.3972603,480.3972603,0.02739726,35069,35069,146,70,73,194,0,73,2,16,,1738694268,2/4/2025 19:41,196.2978671,127.0.0.1,Version 3.0
broadcast_bpf:ISD:8b:4r:2m:none,0.001982353,0.1348,0.0169,4,0.049257515,162.4117647,162.4117647,0.014705882,11044,11044,137,66,68,52,0,68,1,8,,1738695639,2/4/2025 20:01,59.34471321,127.0.0.1,Version 3.0
broadcast_bpf:ISD:8b:2r:2m:none,0.000712,0.0534,0.0067,4,0.022427391,356.7066667,356.7066667,0.013333333,26753,26753,151,73,75,112,0,75,1,8,,1738694907,2/4/2025 19:50,149.6943829,127.0.0.1,Version 3.0
broadcast_bpf:ISPN:8b:4r:0m:none,0.000582192,0.0425,0.0053,8,0.017299603,462.4383562,462.4383562,0.01369863,33758,33758,147,69,73,266,0,73,1,8,,1738695711,2/4/2025 20:04,188.0623441,127.0.0.1,Version 3.0
broadcast_bpf:ISD:8b:5r:8m:none,0,4.3251,0.5406,1,0.426966292,18.73684211,9.526315789,0.035087719,1068,543,124,14,57,0,0,57,2,16,1.10E+14,1737896930,1/26/2025 14:08,3.699346066,127.0.0.1,Version 2.0
broadcast_bpf:ISD:3b:5r:2m:none,0,-1,-1,1.5,-3,-1,-1,0,0,0,0,0,0,0,0,0,0,0,,0,1/26/2025 14:16,-1,,Version 2.0
broadcast_bpf:ISD:3b:5r:2m:none,0,-1,-1,1.5,-3,-1,-1,0,0,0,0,0,0,0,0,0,0,0,,0,1/26/2025 14:18,-1,,Version 2.0
broadcast_bpf:ISD:2b:2r:2m:none,0,31.8559,15.9279,1,0.340619308,5.871657754,5.871657754,0.593582888,1098,1098,252,9,187,1,0,187,111,222,1.10E+220,1737898640,1/26/2025 14:37,6.968883991,127.0.0.1,Version 2.0
broadcast_bpf:ISD:2b:2r:4m:none,0,34.9899,17.495,0.5,0.395973154,5.050847458,5.050847458,0.508474576,894,894,238,6,177,1,0,177,90,180,1.00E+178,1737898655,1/26/2025 14:37,5.144339085,127.0.0.1,Version 2.0
broadcast_bpf:ISD:2b:2r:8m:none,0,32.7393,16.3697,0.25,0.386536374,5.174157303,5.174157303,0.460674157,921,921,245,16,178,1,0,178,82,164,1.00E+162,1737898669,1/26/2025 14:37,5.009270191,127.0.0.1,Version 2.0
broadcast_bpf:ISPN:2b:2r:2m:none,0,19.8986,9.9493,1,0.356031128,5.617486339,5.617486339,0.344262295,1028,1028,252,15,183,0,0,183,63,126,1.00E+124,1737898709,1/26/2025 14:38,6.332098961,127.0.0.1,Version 2.0
broadcast_bpf:ISD:2b:2r:2m:none,0,26.9445,13.4722,1,0.706161137,2.832214765,2.832214765,1,422,422,151,0,149,0,0,149,149,298,0100001001110010011101010110001101100101001000000101001101100011011010000110111001100101011010010110010101110010001000000110001101100001011011100010000001110100011100100110000101101110011100110110110101101001011101000010000001110011011010010110110001100101011011100111010001101100011110010010111001,1737898789,1/26/2025 14:39,11.05978703,127.0.0.1,Version 2.0
broadcast_bpf:ISD:2b:0r:2m:none,0,4.4269,2.2135,1,0.185438706,10.7852349,10.7852349,1,1607,1607,151,0,149,33,0,149,149,298,,1738704041,2/4/2025 22:21,67.31521702,127.0.0.1,Version 3.0
broadcast_bpf:ISD:2b:0r:8m:none,0,39.9346,19.9673,0.25,0.75443038,2.651006711,2.651006711,1,395,395,151,0,149,3,0,149,149,298,,1738704115,2/4/2025 22:22,7.462206125,127.0.0.1,Version 3.0
broadcast_bpf:ISPN:2b:0r:2m:none,0,6.5875,3.2938,1,0.56943367,3.51226158,3.51226158,0.25613079,1289,1289,641,179,367,8,0,367,94,188,,1738704194,2/4/2025 22:23,28.53872609,127.0.0.1,Version 3.0
broadcast_bpf:ISPN:2b:0r:8m:none,0,5.5383,2.7691,0.25,0.572164948,3.495495495,3.495495495,0.198198198,1164,1164,601,173,333,9,0,333,66,132,,1738704229,2/4/2025 22:24,23.83414292,127.0.0.1,Version 3.0
broadcast_bpf:ISD:2b:2r:2m:none,0,26.8214,13.4107,1,0.652360515,3.065789474,3.065789474,0.973684211,466,466,157,2,152,2,0,152,148,296,,1738704304,2/4/2025 22:25,11.03595901,127.0.0.1,Version 3.0
broadcast_bpf:ISD:2b:2r:8m:none,0,11.9452,5.9726,0.25,0.599779493,3.334558824,3.334558824,0.400735294,907,907,436,123,272,11,0,272,109,218,,1738704322,2/4/2025 22:25,18.24997497,127.0.0.1,Version 3.0
broadcast_bpf:ISPN:2b:2r:2m:none,0,6.2894,3.1447,1,0.556067588,3.596685083,3.596685083,0.243093923,1302,1302,637,173,362,19,0,362,88,176,,1738704414,2/4/2025 22:27,27.98365378,127.0.0.1,Version 3.0
broadcast_bpf:ISPN:2b:2r:8m:none,0,6.0925,3.0462,0.25,0.56432247,3.544072948,3.544072948,0.215805471,1166,1166,588,163,329,15,0,329,71,142,,1738704449,2/4/2025 22:27,23.30746007,127.0.0.1,Version 3.0
broadcast_bpf:ISD:2b:4r:2m:none,0,7.704,3.852,1,0.560681334,3.567088608,3.567088608,0.321518987,1409,1409,665,152,395,18,0,395,127,254,,1738704520,2/4/2025 22:29,32.96981978,127.0.0.1,Version 3.0
broadcast_bpf:ISD:2b:4r:8m:none,0,11.0177,5.5088,0.25,0.602655771,3.318644068,3.318644068,0.359322034,979,979,486,126,295,20,0,295,106,212,,1738704560,2/4/2025 22:29,19.24181104,127.0.0.1,Version 3.0
broadcast_bpf:ISPN:2b:4r:2m:none,0,6.8417,3.4209,1,0.573553719,3.4870317,3.4870317,0.259365994,1210,1210,605,149,347,5,0,347,90,180,,1738704621,2/4/2025 22:30,26.30911708,127.0.0.1,Version 3.0
broadcast_bpf:ISPN:2b:4r:8m:none,0,5.8386,2.9193,0.25,0.572173913,3.495440729,3.495440729,0.20668693,1150,1150,592,165,329,4,0,329,68,136,,1738704654,2/4/2025 22:31,23.29334283,127.0.0.1,Version 3.0
broadcast_bpf:ISD:3b:0r:8m:none,0,59.6797,19.8932,0.375,1.003344482,2.99,2.99,1,299,299,102,0,100,3,0,100,100,300,,1738705147,2/4/2025 22:39,5.026838064,127.0.0.1,Version 3.0
broadcast_bpf:ISPN:3b:0r:8m:none,0,14.9404,4.9801,0.375,0.880886427,3.405660377,3.405660377,0.330188679,722,722,355,140,212,1,0,212,70,210,,1738705226,2/4/2025 22:40,14.05587411,127.0.0.1,Version 3.0
broadcast_bpf:ISD:3b:2r:8m:none,0,57.2599,19.0866,0.375,1.041666667,2.88,2.88,1,288,288,102,0,100,0,0,100,100,300,,1738705316,2/4/2025 22:42,5.239271879,127.0.0.1,Version 3.0
broadcast_bpf:ISPN:3b:2r:8m:none,0,53.6203,17.8734,0.375,1.027118644,2.920792079,2.920792079,0.99009901,295,295,104,1,101,1,0,101,100,300,,1738705414,2/4/2025 22:43,5.594892025,127.0.0.1,Version 3.0
broadcast_bpf:ISD:3b:4r:8m:none,0,7.4686,2.4895,0.375,0.826923077,3.627906977,3.627906977,0.186046512,936,936,469,206,258,4,0,258,48,144,,1738705510,2/4/2025 22:45,19.28068304,127.0.0.1,Version 3.0
broadcast_bpf:ISPN:3b:4r:8m:none,0,16.1447,5.3816,0.375,0.907079646,3.307317073,3.307317073,0.346341463,678,678,340,131,205,0,0,205,71,213,,1738705636,2/4/2025 22:47,13.19321012,127.0.0.1,Version 3.0
broadcast_bpf:ISD:8b:0r:8m:none,0,18.0418,2.2552,1,0.680089485,11.76315789,11.76315789,1,447,447,40,0,38,0,0,38,38,304,,1738706255,2/4/2025 22:57,16.84976006,127.0.0.1,Version 3.0
broadcast_bpf:ISPN:8b:0r:8m:none,0,78.0181,9.7523,1,1.492822967,5.358974359,5.358974359,0.974358974,209,209,42,1,39,0,0,39,38,304,,1738706770,2/4/2025 23:06,3.896533966,127.0.0.1,Version 3.0
broadcast_bpf:ISD:8b:2r:8m:none,0,26.7311,3.3414,1,1.729166667,4.626506024,4.626506024,0.337349398,384,384,139,38,83,1,0,83,28,224,,1738707248,2/4/2025 23:14,8.37976408,127.0.0.1,Version 3.0
broadcast_bpf:ISPN:8b:2r:8m:none,0,2.9273,0.3659,1,1.739225314,4.599749059,4.599749059,0.047678795,3666,3666,1558,600,797,18,0,797,38,304,,1738707749,2/4/2025 23:24,103.8490179,127.0.0.1,Version 3.0
broadcast_bpf:ISD:8b:4r:8m:none,0,1.6203,0.2025,1,1.843971631,4.338461538,4.338461538,0.020512821,846,846,387,145,195,0,0,195,4,32,,1738708381,2/4/2025 23:33,19.74945784,127.0.0.1,Version 3.0
broadcast_bpf:ISPN:8b:4r:8m:none,0,79.9676,9.9959,1,1.485714286,5.384615385,5.384615385,0.974358974,210,210,42,1,39,2,0,39,38,304,,1738708893,2/4/2025 23:41,3.80154109,127.0.0.1,Version 3.0
broadcast_bpf:ISD:2b:0r:4m:none,0,38.9165,19.4582,0.5,0.77002584,2.597315436,2.597315436,1,387,387,151,0,149,0,0,149,149,298,,1738739162,2/5/2025 8:06,7.657421112,127.0.0.1,Version 3.0
broadcast_bpf:ISD:2b:0r:8m:hamming,0,12.9907,6.4953,0.25,0.646017699,3.095890411,3.095890411,0.404109589,904,904,467,171,292,0,0,238,118,236,,1738740076,2/5/2025 8:21,18.16687298,127.0.0.1,Version 3.0
broadcast_bpf:ISD:2b:0r:8m:hamming+,0,0.1328,0.0664,0.25,0.540871935,3.697732997,3.697732997,0.005037783,1468,1468,793,388,397,10,0,332,2,4,,1738741000,2/5/2025 8:37,30.11933804,127.0.0.1,Version 3.0
broadcast_bpf:ISD:2b:0r:2m:inline-hamming+,0,3.4163,1.7081,1,0.158174098,12.6442953,12.6442953,1,1884,1884,151,0,149,7,0,149,149,298,,1738741336,2/5/2025 8:43,87.22923803,127.0.0.1,Version 3.0
broadcast_bpf:ISD:2b:0r:4m:inline-hamming+,0,41.0876,20.5438,0.5,0.750629723,2.66442953,2.66442953,1,397,397,151,0,149,11,0,149,149,298,,1738741429,2/5/2025 8:43,7.252794027,127.0.0.1,Version 3.0
broadcast_bpf:ISD:2b:0r:8m:inline-hamming+,0,39.9163,19.9582,0.25,0.748743719,2.67114094,2.67114094,1,398,398,151,0,149,6,0,149,149,298,,1738741442,2/5/2025 8:44,7.465620995,127.0.0.1,Version 3.0
broadcast_bpf:ICD:2b:0r:2m:none,0,3.6093,1.8047,1,0.161692892,12.36912752,12.36912752,1,1843,1843,151,0,149,21,0,149,149,298,,1738741756,2/5/2025 8:50,82.56362891,127.0.0.1,Version 3.0
broadcast_bpf:ICD:2b:0r:4m:none,0,38.0721,19.0361,0.5,0.762148338,2.624161074,2.624161074,1,391,391,151,0,149,0,0,149,149,298,,1738741845,2/5/2025 8:50,7.82725215,127.0.0.1,Version 3.0
broadcast_bpf:ICD:2b:0r:8m:none,0,38.4614,19.2307,0.25,0.762148338,2.624161074,2.624161074,1,391,391,151,0,149,0,0,149,149,298,,1738741858,2/5/2025 8:51,7.748028994,127.0.0.1,Version 3.0
broadcast_bpf:ICD:2b:0r:8m:hamming,0,8.4687,4.2344,0.25,0.594545455,3.363914373,3.363914373,0.287461774,1100,1100,561,232,327,15,0,316,94,188,,1738742772,2/5/2025 9:06,22.19932795,127.0.0.1,Version 3.0
broadcast_bpf:ICD:2b:0r:4m:hamming+,0,4.5223,2.0612,0.5,0.561643836,3.56097561,3.56097561,0.163414634,1460,1460,755,339,410,1,0,333,67,147,,1738743401,2/5/2025 9:17,32.50582099,127.0.0.1,Version 3.0
broadcast_bpf:ICD:2b:0r:8m:hamming+,0,6.0193,2.9113,0.25,0.574656981,3.480337079,3.480337079,0.207865169,1239,1239,640,279,356,10,0,304,74,153,,1738743439,2/5/2025 9:17,25.41836405,127.0.0.1,Version 3.0
broadcast_bpf:ICD:2b:0r:2m:inline-hamming+,0,7.3445,3.6722,1,0.28875969,6.926174497,6.926174497,1,1032,1032,151,0,149,9,0,149,149,298,,1738743771,2/5/2025 9:23,40.57483697,127.0.0.1,Version 3.0
broadcast_bpf:ICD:2b:0r:4m:inline-hamming+,0,39.565,19.7825,0.5,0.768041237,2.604026846,2.604026846,1,388,388,151,0,149,1,0,149,149,298,,1738743817,2/5/2025 9:23,7.531917095,127.0.0.1,Version 3.0
broadcast_bpf:ICD:2b:0r:8m:inline-hamming+,0,39.4494,19.7247,0.25,0.764102564,2.617449664,2.617449664,1,390,390,151,0,149,2,0,149,149,298,,1738743831,2/5/2025 9:23,7.553987026,127.0.0.1,Version 3.0
broadcast_bpf:IPD:2b:0r:4m:none,0,0,0,0.5,0.529268293,3.778801843,3.778801843,0,1640,1640,869,428,434,18,0,434,0,0,,1738744444,2/5/2025 9:34,34.2834301,127.0.0.1,Version 3.0
broadcast_bpf:IPD:2b:0r:8m:none,0,0,0,0.25,0.53996224,3.703962704,3.703962704,0,1589,1589,860,426,429,0,0,429,0,0,,1738744485,2/5/2025 9:35,33.72135782,127.0.0.1,Version 3.0
broadcast_bpf:IPD:2b:0r:8m:hamming,0,13.668,6.834,0.25,0.62713797,3.189090909,3.189090909,0.403636364,877,877,441,161,275,12,0,275,111,222,,1738745425,2/5/2025 9:50,16.24236703,127.0.0.1,Version 3.0
broadcast_bpf:IPD:2b:0r:8m:hamming+,0,4.6963,2.3481,0.25,0.556402439,3.594520548,3.594520548,0.169863014,1312,1312,669,302,365,16,0,305,62,124,,1738746347,2/5/2025 10:06,26.40379,127.0.0.1,Version 3.0
broadcast_bpf:IPD:2b:0r:4m:inline-hamming+,0,0,0,0.5,0.528846154,3.781818182,3.781818182,0,1664,1664,881,436,440,7,0,440,0,0,,1738746979,2/5/2025 10:16,34.95034194,127.0.0.1,Version 3.0
broadcast_bpf:IPD:2b:0r:8m:inline-hamming+,0,0,0,0.25,0.520859671,3.839805825,3.839805825,0,1582,1582,825,406,412,20,0,412,0,0,,1738747020,2/5/2025 10:17,31.78558898,127.0.0.1,Version 3.0
broadcast_bpf:ISPN:2b:0r:4m:none,0,36.5123,18.2561,0.5,0.766066838,2.610738255,2.610738255,1,389,389,151,0,149,1,0,149,149,298,,1738747058,2/5/2025 10:17,8.16163516,127.0.0.1,Version 3.0
broadcast_bpf:ISPN:2b:0r:8m:hamming,0,2.5178,1.2589,0.25,0.555972953,3.597297297,3.597297297,0.091891892,1331,1331,707,329,370,15,0,370,34,68,,1738747972,2/5/2025 10:33,27.00739908,127.0.0.1,Version 3.0
broadcast_bpf:ISPN:2b:0r:2m:hamming+,0,2.2862,0.9734,1,0.477859342,4.185332012,4.185332012,0.10802775,4223,4223,1910,893,1009,30,0,735,109,256,,1738748305,2/5/2025 10:40,111.9785352,127.0.0.1,Version 3.0
broadcast_bpf:ISPN:2b:0r:4m:hamming+,0,2.6079,1.2544,0.5,0.547700755,3.651629073,3.651629073,0.095238095,1457,1457,761,357,399,12,0,307,38,79,,1738748423,2/5/2025 10:40,30.29247904,127.0.0.1,Version 3.0
broadcast_bpf:ISPN:2b:0r:8m:hamming+,0,3.4983,1.5669,0.25,0.551775148,3.624664879,3.624664879,0.115281501,1352,1352,705,328,373,8,0,284,43,96,,1738748460,2/5/2025 10:41,27.44226384,127.0.0.1,Version 3.0
broadcast_bpf:ISPN:2b:0r:2m:inline-hamming+,0,15.8574,7.9287,1,0.615789474,3.247863248,3.247863248,0.55982906,760,760,339,102,234,7,0,234,131,262,,1738748531,2/5/2025 10:42,16.52229595,127.0.0.1,Version 3.0
broadcast_bpf:ISPN:2b:0r:4m:inline-hamming+,0,5.4878,2.7439,0.5,0.581255374,3.440828402,3.440828402,0.189349112,1163,1163,614,272,338,7,0,338,64,128,,1738748553,2/5/2025 10:42,23.32432199,127.0.0.1,Version 3.0
broadcast_bpf:ISPN:2b:0r:8m:inline-hamming+,0,5.0697,2.5348,0.25,0.581699346,3.438202247,3.438202247,0.18258427,1224,1224,648,289,356,1,0,356,65,130,,1738748583,2/5/2025 10:43,25.64267111,127.0.0.1,Version 3.0
broadcast_bpf:timestamp:2b:0r:2m:none,0,4.0833,2.0417,1,0.176331361,11.34228188,11.34228188,1,1690,1690,151,0,149,24,0,149,149,298,,1738748915,2/5/2025 10:49,72.98017287,127.0.0.1,Version 3.0
broadcast_bpf:timestamp:2b:0r:4m:none,0,38.3891,19.1945,0.5,0.768041237,2.604026846,2.604026846,1,388,388,151,0,149,0,0,149,149,298,,1738748994,2/5/2025 10:50,7.76262188,127.0.0.1,Version 3.0
broadcast_bpf:timestamp:2b:0r:8m:none,0,37.8702,18.9351,0.25,0.768041237,2.604026846,2.604026846,1,388,388,151,0,149,1,0,149,149,298,,1738749007,2/5/2025 10:50,7.86898303,127.0.0.1,Version 3.0
broadcast_bpf:timestamp:2b:0r:8m:hamming,0,5.3367,2.6683,0.25,0.574074074,3.483870968,3.483870968,0.196236559,1296,1296,672,294,372,8,0,349,73,146,,1738749921,2/5/2025 11:05,27.35790992,127.0.0.1,Version 3.0
broadcast_bpf:timestamp:2b:0r:4m:hamming+,0,4.9086,2.3583,0.5,0.560509554,3.568181818,3.568181818,0.195454545,1570,1570,795,351,440,7,0,404,86,179,,1738750555,2/5/2025 11:16,36.46664095,127.0.0.1,Version 3.0
broadcast_bpf:timestamp:2b:0r:8m:hamming+,0,9.2265,4.421,0.25,0.619607843,3.227848101,3.227848101,0.291139241,1020,1020,542,221,316,1,0,281,92,192,,1738750597,2/5/2025 11:16,20.80954099,127.0.0.1,Version 3.0
broadcast_bpf:timestamp:2b:0r:2m:inline-hamming+,0,5.872,2.936,1,0.244462674,8.181208054,8.181208054,1,1219,1219,151,0,149,8,0,149,149,298,,1738750924,2/5/2025 11:22,50.74942398,127.0.0.1,Version 3.0
broadcast_bpf:timestamp:2b:0r:4m:inline-hamming+,0,37.5229,18.7615,0.5,0.77002584,2.597315436,2.597315436,1,387,387,151,0,149,0,0,149,149,298,,1738750981,2/5/2025 11:23,7.941816092,127.0.0.1,Version 3.0
broadcast_bpf:timestamp:2b:0r:8m:inline-hamming+,0,39.0768,19.5384,0.25,0.745,2.684563758,2.684563758,1,400,400,151,0,149,6,0,149,149,298,,1738750995,2/5/2025 11:23,7.626004934,127.0.0.1,Version 3.0
all:ISD:2b:0r:2m:none,0,4.1824,2.0912,1,0.168903803,11.8410596,11.8410596,0.986754967,1788,1788,155,2,151,63,0,151,149,298,,1738751308,2/5/2025 11:29,71.25179291,127.0.0.1,Version 3.0
all:ISD:2b:0r:4m:none,0,43.7034,21.8517,0.5,0.726829268,2.751677852,2.751677852,1,410,410,151,0,149,14,0,149,149,298,,1738751386,2/5/2025 11:29,6.818692923,127.0.0.1,Version 3.0
all:ISD:2b:0r:8m:none,0,37.4207,18.7103,0.25,0.741293532,2.697986577,2.697986577,1,402,402,151,0,149,3,0,149,149,298,,1738751399,2/5/2025 11:30,7.963509083,127.0.0.1,Version 3.0
all:ISD:2b:0r:8m:hamming,0,12.0548,6.0274,0.25,0.604210526,3.31010453,3.31010453,0.369337979,950,950,469,178,287,13,0,240,106,212,,1738752313,2/5/2025 11:45,17.58629489,127.0.0.1,Version 3.0
all:ISD:2b:0r:8m:hamming+,0,0,0,0.25,0.490516678,4.077333333,4.077333333,0,1529,1529,752,367,375,59,0,301,0,0,,1738753236,2/5/2025 12:01,27.94393396,127.0.0.1,Version 3.0
all:ISD:2b:0r:2m:inline-hamming+,0,3.4207,1.7103,1,0.142243437,14.06040268,14.06040268,1,2095,2095,151,0,149,61,0,149,149,298,,1738753570,2/5/2025 12:07,87.11687708,127.0.0.1,Version 3.0
all:ISD:2b:0r:4m:inline-hamming+,0,38.8379,19.419,0.5,0.752525253,2.657718121,2.657718121,1,396,396,151,0,149,4,0,149,149,298,,1738753663,2/5/2025 12:07,7.672914028,127.0.0.1,Version 3.0
all:ISD:2b:0r:8m:inline-hamming+,0,38.4241,19.2121,0.25,0.728606357,2.744966443,2.744966443,1,409,409,151,0,149,7,0,149,149,298,,1738753677,2/5/2025 12:08,7.755547047,127.0.0.1,Version 3.0
all:ICD:2b:0r:2m:none,0,3.6109,1.8054,1,0.147451757,13.56375839,13.56375839,1,2021,2021,151,0,149,76,0,149,149,298,,1738753991,2/5/2025 12:14,82.52859497,127.0.0.1,Version 3.0
all:ICD:2b:0r:4m:none,0,41.0973,20.5486,0.5,0.752525253,2.657718121,2.657718121,1,396,396,151,0,149,3,0,149,149,298,,1738754080,2/5/2025 12:14,7.251092911,127.0.0.1,Version 3.0
all:ICD:2b:0r:8m:none,0,41.2948,20.6474,0.25,0.746867168,2.677852349,2.677852349,1,399,399,151,0,149,6,0,149,149,298,,1738754093,2/5/2025 12:15,7.216400146,127.0.0.1,Version 3.0
all:ICD:2b:0r:8m:hamming,0,8.1328,4.0664,0.25,0.603235014,3.315457413,3.315457413,0.268138801,1051,1051,551,231,317,1,0,304,85,170,,1738755006,2/5/2025 12:30,20.90297818,127.0.0.1,Version 3.0
all:ICD:2b:0r:4m:hamming+,0,7.7885,3.554,0.5,0.547839506,3.650704225,3.650704225,0.264788732,1296,1296,618,257,355,33,0,287,94,206,,1738755633,2/5/2025 12:40,26.44909096,127.0.0.1,Version 3.0
all:ICD:2b:0r:8m:hamming+,0,4.6034,2.3017,0.25,0.537839824,3.718579235,3.718579235,0.166666667,1361,1361,672,301,366,34,0,303,61,122,,1738755666,2/5/2025 12:41,26.50226903,127.0.0.1,Version 3.0
all:ICD:2b:0r:2m:inline-hamming+,0,8.1437,4.0718,1,0.27598896,7.246666667,7.246666667,0.993333333,1087,1087,153,1,150,64,0,150,149,298,,1738755998,2/5/2025 12:47,36.59282303,127.0.0.1,Version 3.0
all:ICD:2b:0r:4m:inline-hamming+,0,41.2767,20.6383,0.5,0.538878843,3.711409396,3.711409396,1,553,553,151,0,149,71,0,149,149,298,,1738756041,2/5/2025 12:47,7.219574213,127.0.0.1,Version 3.0
all:ICD:2b:0r:8m:inline-hamming+,0,40.5187,20.2593,0.25,0.756345178,2.644295302,2.644295302,1,394,394,151,0,149,2,0,149,149,298,,1738756054,2/5/2025 12:47,7.354634047,127.0.0.1,Version 3.0
all:IPD:2b:0r:4m:none,0,0,0,0.5,0.537457045,3.721227621,3.721227621,0,1455,1455,784,385,391,8,0,391,0,0,,1738756668,2/5/2025 12:58,29.36532807,127.0.0.1,Version 3.0
all:IPD:2b:0r:8m:none,0,0,0,0.25,0.49936143,4.00511509,4.00511509,0,1566,1566,784,389,391,44,0,391,0,0,,1738756703,2/5/2025 12:58,29.63953304,127.0.0.1,Version 3.0
all:IPD:2b:0r:8m:hamming,0,9.9001,4.9501,0.25,0.5951417,3.360544218,3.360544218,0.31292517,988,988,498,200,294,9,0,294,92,184,,1738757639,2/5/2025 13:14,18.58563399,127.0.0.1,Version 3.0
all:IPD:2b:0r:8m:hamming+,0,7.1581,3.5791,0.25,0.570884872,3.503333333,3.503333333,0.23,1051,1051,533,230,300,20,0,248,69,138,,1738758563,2/5/2025 13:29,19.27881503,127.0.0.1,Version 3.0
all:IPD:2b:0r:4m:inline-hamming+,0,0,0,0.5,0.527456647,3.791780822,3.791780822,0,1384,1384,732,361,365,14,0,365,0,0,,1738759189,2/5/2025 13:40,26.75124192,127.0.0.1,Version 3.0
all:IPD:2b:0r:8m:inline-hamming+,0,0,0,0.25,0.506245891,3.950649351,3.950649351,0,1521,1521,772,383,385,27,0,385,0,0,,1738759221,2/5/2025 13:40,28.72173381,127.0.0.1,Version 3.0
all:ISPN:2b:0r:2m:none,0,7.0028,3.5014,1,0.560058954,3.571052632,3.571052632,0.265789474,1357,1357,661,277,380,18,0,380,101,202,,1738759324,2/5/2025 13:42,28.8456049,127.0.0.1,Version 3.0
all:ISPN:2b:0r:4m:none,0,5.5805,2.7902,0.5,0.56595092,3.533875339,3.533875339,0.203252033,1304,1304,665,289,369,10,0,369,75,150,,1738759359,2/5/2025 13:43,26.87946296,127.0.0.1,Version 3.0
all:ISPN:2b:0r:8m:none,0,5.2656,2.6328,0.25,0.540415704,3.700854701,3.700854701,0.185185185,1299,1299,639,284,351,41,0,351,65,130,,1738759392,2/5/2025 13:43,24.6885879,127.0.0.1,Version 3.0
all:ISPN:2b:0r:8m:hamming,0,2.3748,1.1874,0.25,0.538201487,3.716080402,3.716080402,0.090452261,1479,1479,761,353,398,9,0,398,36,72,,1738760323,2/5/2025 13:59,30.31877208,127.0.0.1,Version 3.0
all:ISPN:2b:0r:2m:hamming+,0,2.3502,1.004,1,0.467157418,4.281212121,4.281212121,0.106666667,3532,3532,1564,729,825,61,0,567,88,206,,1738760659,2/5/2025 14:05,87.65235806,127.0.0.1,Version 3.0
all:ISPN:2b:0r:4m:hamming+,0,3.1064,1.412,0.5,0.546494993,3.659685864,3.659685864,0.104712042,1398,1398,725,341,382,12,0,293,40,88,,1738760753,2/5/2025 14:06,28.32857418,127.0.0.1,Version 3.0
all:ISPN:2b:0r:8m:hamming+,0,3.1233,1.4873,0.25,0.543976349,3.676630435,3.676630435,0.108695652,1353,1353,697,323,368,15,0,259,40,84,,1738760787,2/5/2025 14:06,26.894315,127.0.0.1,Version 3.0
all:ISPN:2b:0r:2m:inline-hamming+,0,7.9722,3.9861,1,0.557063049,3.59025788,3.59025788,0.29226361,1253,1253,597,245,349,16,0,349,102,204,,1738760870,2/5/2025 14:08,25.58897996,127.0.0.1,Version 3.0
all:ISPN:2b:0r:4m:inline-hamming+,0,11.3654,5.6827,0.5,0.556277056,3.595330739,3.595330739,0.342412451,924,924,427,166,257,43,0,257,88,176,,1738760902,2/5/2025 14:08,15.48555112,127.0.0.1,Version 3.0
all:ISPN:2b:0r:8m:inline-hamming+,0,7.4958,3.7479,0.25,0.563456346,3.549520767,3.549520767,0.258785942,1111,1111,547,231,313,19,0,313,81,162,,1738760923,2/5/2025 14:09,21.61201715,127.0.0.1,Version 3.0
all:timestamp:2b:0r:2m:none,0,2.7777,1.3889,1,0.001908426,1047.984043,1047.984043,0.537234043,197021,197021,277,53,188,97552,0,188,101,202,,1738761251,2/5/2025 14:15,72.72155714,127.0.0.1,Version 3.0
all:timestamp:2b:0r:4m:none,0,40.1339,20.067,0.5,0.745,2.684563758,2.684563758,1,400,400,151,0,149,3,0,149,149,298,,1738761330,2/5/2025 14:15,7.42513895,127.0.0.1,Version 3.0
all:timestamp:2b:0r:8m:none,0,56.3666,28.1833,0.25,0.499162479,4.006711409,4.006711409,0.859060403,597,597,172,21,149,118,0,149,128,256,,1738761343,2/5/2025 14:15,4.541697979,127.0.0.1,Version 3.0
all:timestamp:2b:0r:8m:hamming,0,6.2019,3.101,0.25,0.575856444,3.473087819,3.473087819,0.220963173,1226,1226,630,268,353,12,0,353,78,156,,1738762254,2/5/2025 14:31,25.15357494,127.0.0.1,Version 3.0
all:timestamp:2b:0r:4m:hamming+,0,5.9715,2.7436,0.5,0.514863258,3.884526559,3.884526559,0.23556582,1682,1682,765,305,433,42,0,372,102,222,,1738762885,2/5/2025 14:42,37.17686486,127.0.0.1,Version 3.0
all:timestamp:2b:0r:8m:hamming+,0,8.7362,4.2665,0.25,0.591876209,3.379084967,3.379084967,0.274509804,1034,1034,529,221,306,12,0,268,84,172,,1738762928,2/5/2025 14:42,19.6880939,127.0.0.1,Version 3.0
all:timestamp:2b:0r:2m:inline-hamming+,0,7.9292,3.9646,1,0.291300098,6.865771812,6.865771812,1,1023,1023,151,0,149,15,0,149,149,298,,1738763254,2/5/2025 14:48,37.58271599,127.0.0.1,Version 3.0
all:timestamp:2b:0r:4m:inline-hamming+,0,44.6582,22.3291,0.5,0.711217184,2.812080537,2.812080537,1,419,419,151,0,149,12,0,149,149,298,,1738763298,2/5/2025 14:48,6.672909021,127.0.0.1,Version 3.0
all:timestamp:2b:0r:8m:inline-hamming+,0,53.7418,26.8709,0.25,0.68558952,2.917197452,2.917197452,0.949044586,458,458,167,8,157,42,0,157,149,298,,1738763310,2/5/2025 14:48,5.54502821,127.0.0.1,Version 3.0
broadcast_bpf:ISD:2b:2r:4m:none,0,8.4024,4.2012,0.5,0.588571429,3.398058252,3.398058252,0.278317152,1050,1050,534,221,309,16,0,309,86,172,,1738763322,2/5/2025 14:49,20.4704299,127.0.0.1,Version 3.0
broadcast_bpf:ISD:2b:2r:2m:hamming,0,1.5468,0.7734,1,0.187285223,10.67889908,10.67889908,0.339449541,4656,4656,725,281,436,71,0,317,148,296,,1738763583,2/5/2025 14:56,191.359097,127.0.0.1,Version 3.0
broadcast_bpf:ISD:2b:2r:4m:hamming,0,2.6489,1.3244,0.5,0.387772431,5.157664234,5.157664234,0.213138686,3533,3533,1225,533,685,33,0,631,146,292,,1738763780,2/5/2025 14:58,110.2360232,127.0.0.1,Version 3.0
broadcast_bpf:ISD:2b:2r:8m:hamming,0,8.4386,4.2193,0.25,0.608928571,3.284457478,3.284457478,0.293255132,1120,1120,583,237,341,2,0,341,100,200,,1738763896,2/5/2025 14:58,23.70071101,127.0.0.1,Version 3.0
broadcast_bpf:ISD:2b:2r:2m:hamming+,0,2.8138,1.3042,1,0.425577646,4.699494949,4.699494949,0.184343434,3722,3722,1439,633,792,22,0,513,146,315,,1738764226,2/5/2025 15:05,111.9481671,127.0.0.1,Version 3.0
broadcast_bpf:ISD:2b:2r:4m:hamming+,0,6.873,3.393,0.5,0.588131089,3.40060241,3.40060241,0.234939759,1129,1129,587,249,332,11,0,297,78,158,,1738764344,2/5/2025 15:06,22.98847985,127.0.0.1,Version 3.0
broadcast_bpf:ISD:2b:2r:8m:hamming+,0,6.755,3.3565,0.25,0.596858639,3.350877193,3.350877193,0.233918129,1146,1146,605,257,342,1,0,312,80,161,,1738764373,2/5/2025 15:06,23.83416295,127.0.0.1,Version 3.0
broadcast_bpf:ISD:2b:2r:2m:inline-hamming+,0,16.8283,8.4141,1,0.599131693,3.338164251,3.338164251,0.671497585,691,691,276,67,207,3,0,207,139,278,,1738764444,2/5/2025 15:07,16.51982284,127.0.0.1,Version 3.0
broadcast_bpf:ISD:2b:2r:4m:inline-hamming+,0,7.433,3.7165,0.5,0.584500467,3.42172524,3.42172524,0.252396166,1071,1071,549,232,313,15,0,313,79,158,,1738764466,2/5/2025 15:08,21.25664902,127.0.0.1,Version 3.0
broadcast_bpf:ISD:2b:2r:8m:inline-hamming+,0,9.0272,4.5136,0.25,0.609929078,3.279069767,3.279069767,0.292358804,987,987,515,210,301,7,0,301,88,176,,1738764494,2/5/2025 15:08,19.49661493,127.0.0.1,Version 3.0
broadcast_bpf:ICD:2b:2r:2m:none,0,24.01,12.005,1,0.632696391,3.161073826,3.161073826,1,471,471,151,0,149,0,0,149,149,298,,1738764560,2/5/2025 15:09,12.4114809,127.0.0.1,Version 3.0
broadcast_bpf:ICD:2b:2r:4m:none,0,20.4109,10.2054,0.5,0.660578387,3.02764977,3.02764977,0.599078341,657,657,306,87,217,3,0,217,130,260,,1738764578,2/5/2025 15:09,12.73829412,127.0.0.1,Version 3.0
broadcast_bpf:ICD:2b:2r:8m:none,0,18.8867,9.4434,0.25,0.613259669,3.261261261,3.261261261,0.545045045,724,724,324,99,222,25,0,222,121,242,,1738764597,2/5/2025 15:10,12.81322813,127.0.0.1,Version 3.0
broadcast_bpf:ICD:2b:2r:2m:hamming,0,1.4676,0.7338,1,0.187603306,10.66079295,10.66079295,0.328193833,4840,4840,761,304,454,58,0,332,149,298,,1738764859,2/5/2025 15:17,203.051832,127.0.0.1,Version 3.0
broadcast_bpf:ICD:2b:2r:4m:hamming,0,3.1849,1.5925,0.5,0.417424005,4.791291291,4.791291291,0.222222222,3191,3191,1185,508,666,57,0,610,148,296,,1738765068,2/5/2025 15:19,92.93779588,127.0.0.1,Version 3.0
broadcast_bpf:ICD:2b:2r:8m:hamming,0,6.5478,3.2739,0.25,0.587155963,3.40625,3.40625,0.232954545,1199,1199,623,266,352,8,0,343,82,164,,1738765167,2/5/2025 15:19,25.04661512,127.0.0.1,Version 3.0
broadcast_bpf:ICD:2b:2r:2m:hamming+,0,3.2385,1.4748,1,0.427058824,4.683195592,4.683195592,0.203856749,3400,3400,1305,574,726,36,0,525,148,325,,1738765498,2/5/2025 15:26,100.3539181,127.0.0.1,Version 3.0
broadcast_bpf:ICD:2b:2r:4m:hamming+,0,7.6623,3.6646,0.5,0.589184826,3.394520548,3.394520548,0.271232877,1239,1239,633,264,365,4,0,315,99,207,,1738765605,2/5/2025 15:27,27.01525211,127.0.0.1,Version 3.0
broadcast_bpf:ICD:2b:2r:8m:hamming+,0,7.0416,3.3965,0.25,0.593803787,3.368115942,3.368115942,0.237681159,1162,1162,610,261,345,1,0,302,82,170,,1738765638,2/5/2025 15:27,24.14222598,127.0.0.1,Version 3.0
broadcast_bpf:ICD:2b:2r:2m:inline-hamming+,0,24.9417,12.4708,1,0.624737945,3.201342282,3.201342282,1,477,477,151,0,149,1,0,149,149,298,,1738765709,2/5/2025 15:28,11.94787908,127.0.0.1,Version 3.0
broadcast_bpf:ICD:2b:2r:4m:inline-hamming+,0,25.3079,12.6539,0.5,0.708860759,2.821428571,2.821428571,0.714285714,553,553,254,53,196,1,0,196,140,280,,1738765727,2/5/2025 15:28,11.06375384,127.0.0.1,Version 3.0
broadcast_bpf:ICD:2b:2r:8m:inline-hamming+,0,10.4556,5.2278,0.25,0.615384615,3.25,3.25,0.346153846,1014,1014,518,202,312,7,0,312,108,216,,1738765744,2/5/2025 15:29,20.65870595,127.0.0.1,Version 3.0
broadcast_bpf:IPD:2b:2r:4m:none,0,0,0,0.5,0.520190024,3.844748858,3.844748858,0,1684,1684,877,426,438,23,0,438,0,0,,1738766371,2/5/2025 15:40,34.81916595,127.0.0.1,Version 3.0
broadcast_bpf:IPD:2b:2r:8m:none,0,0.0713,0.0356,0.25,0.533802817,3.746701847,3.746701847,0.002638522,1420,1420,758,373,379,17,0,379,1,2,,1738766412,2/5/2025 15:40,28.05065298,127.0.0.1,Version 3.0
broadcast_bpf:IPD:2b:2r:8m:hamming,0,11.003,5.5015,0.25,0.605539637,3.302839117,3.302839117,0.365930599,1047,1047,520,198,317,14,0,317,116,232,,1738767346,2/5/2025 15:56,21.085186,127.0.0.1,Version 3.0
broadcast_bpf:IPD:2b:2r:8m:hamming+,0,7.2349,3.6174,0.25,0.584466019,3.42192691,3.42192691,0.22923588,1030,1030,535,230,301,16,0,255,69,138,,1738768273,2/5/2025 16:11,19.0743289,127.0.0.1,Version 3.0
broadcast_bpf:IPD:2b:2r:4m:inline-hamming+,0,0,0,0.5,0.525412541,3.806532663,3.806532663,0,1515,1515,798,392,398,18,0,398,0,0,,1738768898,2/5/2025 16:22,30.20960522,127.0.0.1,Version 3.0
broadcast_bpf:IPD:2b:2r:8m:inline-hamming+,0,0,0,0.25,0.529514904,3.777041943,3.777041943,0,1711,1711,907,448,453,16,0,453,0,0,,1738768934,2/5/2025 16:22,36.43270206,127.0.0.1,Version 3.0
broadcast_bpf:ISPN:2b:2r:4m:none,0,37.1718,18.5859,0.5,0.77002584,2.597315436,2.597315436,1,387,387,151,0,149,0,0,149,149,298,,1738768977,2/5/2025 16:23,8.016829967,127.0.0.1,Version 3.0
broadcast_bpf:ISPN:2b:2r:8m:hamming,0,2.7198,1.3599,0.25,0.559398496,3.575268817,3.575268817,0.099462366,1330,1330,708,328,372,8,0,372,37,74,,1738769891,2/5/2025 16:38,27.20770502,127.0.0.1,Version 3.0
broadcast_bpf:ISPN:2b:2r:2m:hamming+,0,2.3966,1.0147,1,0.477724641,4.186512118,4.186512118,0.110642782,3973,3973,1794,832,949,56,0,670,105,248,,1738770225,2/5/2025 16:45,103.4791799,127.0.0.1,Version 3.0
broadcast_bpf:ISPN:2b:2r:4m:hamming+,0,3.1785,1.5485,0.5,0.567479675,3.524355301,3.524355301,0.108882521,1230,1230,661,309,349,6,0,257,38,78,,1738770334,2/5/2025 16:45,24.53976893,127.0.0.1,Version 3.0
broadcast_bpf:ISPN:2b:2r:8m:hamming+,0,3.575,1.653,0.25,0.552671756,3.61878453,3.61878453,0.11878453,1310,1310,682,316,362,16,0,266,43,93,,1738770365,2/5/2025 16:46,26.01362896,127.0.0.1,Version 3.0
broadcast_bpf:ISPN:2b:2r:2m:inline-hamming+,0,8.5297,4.2649,1,0.541218638,3.695364238,3.695364238,0.281456954,1116,1116,520,214,302,59,0,302,85,170,,1738770474,2/5/2025 16:48,19.93027115,127.0.0.1,Version 3.0
broadcast_bpf:ISPN:2b:2r:4m:inline-hamming+,0,5.1702,2.5851,0.5,0.543673469,3.678678679,3.678678679,0.177177177,1225,1225,609,269,333,40,0,333,59,118,,1738770500,2/5/2025 16:48,22.82322001,127.0.0.1,Version 3.0
broadcast_bpf:ISPN:2b:2r:8m:inline-hamming+,0,6.682,3.341,0.25,0.573002755,3.490384615,3.490384615,0.217948718,1089,1089,558,241,312,18,0,312,68,136,,1738770528,2/5/2025 16:49,20.35306501,127.0.0.1,Version 3.0
broadcast_bpf:timestamp:2b:2r:2m:none,0,13.5303,6.7651,1,0.593993326,3.367041199,3.367041199,0.501872659,899,899,401,131,267,8,0,267,134,268,,1738770591,2/5/2025 16:50,19.80739689,127.0.0.1,Version 3.0
broadcast_bpf:timestamp:2b:2r:4m:none,0,22.2466,11.1233,0.5,0.678018576,2.949771689,2.949771689,0.639269406,646,646,300,78,219,8,0,219,140,280,,1738770617,2/5/2025 16:50,12.58622098,127.0.0.1,Version 3.0
broadcast_bpf:timestamp:2b:2r:8m:none,0,20.2758,10.1379,0.25,0.670866142,2.981220657,2.981220657,0.610328638,635,635,297,82,213,7,0,213,130,260,,1738770635,2/5/2025 16:50,12.82316685,127.0.0.1,Version 3.0
broadcast_bpf:timestamp:2b:2r:2m:hamming,0,1.5275,0.7637,1,0.180579216,11.0754717,11.0754717,0.349056604,4696,4696,701,270,424,97,0,302,148,296,,1738770954,2/5/2025 16:59,193.782994,127.0.0.1,Version 3.0
broadcast_bpf:timestamp:2b:2r:4m:hamming,0,2.8912,1.4456,0.5,0.415420023,4.814404432,4.814404432,0.203601108,3476,3476,1298,565,722,60,0,669,147,294,,1738771154,2/5/2025 17:00,101.6867471,127.0.0.1,Version 3.0
broadcast_bpf:timestamp:2b:2r:8m:hamming,0,7.6962,3.8481,0.25,0.597760551,3.345821326,3.345821326,0.270893372,1161,1161,601,248,347,4,0,332,94,188,,1738771262,2/5/2025 17:01,24.42771697,127.0.0.1,Version 3.0
broadcast_bpf:timestamp:2b:2r:2m:hamming+,0,3.0652,1.3613,1,0.417386459,4.791722296,4.791722296,0.196261682,3589,3589,1352,598,749,40,0,516,147,331,,1738771592,2/5/2025 17:08,107.9876189,127.0.0.1,Version 3.0
broadcast_bpf:timestamp:2b:2r:4m:hamming+,0,6.2885,3.0554,0.5,0.563444109,3.549597855,3.549597855,0.230563003,1324,1324,661,280,373,11,0,325,86,177,,1738771706,2/5/2025 17:08,28.14667511,127.0.0.1,Version 3.0
broadcast_bpf:timestamp:2b:2r:8m:hamming+,0,6.9713,3.3216,0.25,0.588634436,3.397694524,3.397694524,0.233429395,1179,1179,614,263,347,11,0,307,81,170,,1738771740,2/5/2025 17:09,24.38573813,127.0.0.1,Version 3.0
broadcast_bpf:timestamp:2b:2r:2m:inline-hamming+,0,24.1254,12.0627,1,0.638554217,3.132075472,3.132075472,0.911949686,498,498,175,13,159,0,0,159,145,290,,1738771810,2/5/2025 17:10,12.02051091,127.0.0.1,Version 3.0
broadcast_bpf:timestamp:2b:2r:4m:inline-hamming+,0,15.5639,7.782,0.5,0.641848524,3.116,3.116,0.464,779,779,386,131,250,9,0,250,116,232,,1738771828,2/5/2025 17:10,14.90626121,127.0.0.1,Version 3.0
broadcast_bpf:timestamp:2b:2r:8m:inline-hamming+,0,38.9112,19.4556,0.25,0.745,2.684563758,2.684563758,1,400,400,151,0,149,7,0,149,149,298,,1738771849,2/5/2025 17:10,7.658466101,127.0.0.1,Version 3.0
all:ISD:2b:2r:2m:none,0,7.0151,3.5076,1,0.542372881,3.6875,3.6875,0.276785714,1239,1239,580,238,336,20,0,336,93,186,,1738771901,2/5/2025 17:12,26.51411986,127.0.0.1,Version 3.0
all:ISD:2b:2r:4m:none,0,10.8486,5.4243,0.5,0.570264766,3.507142857,3.507142857,0.357142857,982,982,461,178,280,28,0,280,100,200,,1738771934,2/5/2025 17:12,18.43551803,127.0.0.1,Version 3.0
all:ISD:2b:2r:8m:none,0,8.9676,4.4838,0.25,0.573203194,3.489164087,3.489164087,0.309597523,1127,1127,548,221,323,16,0,323,100,200,,1738771958,2/5/2025 17:13,22.30240917,127.0.0.1,Version 3.0
all:ISD:2b:2r:2m:hamming,0,1.5855,0.7927,1,0.183798772,10.88146552,10.88146552,0.318965517,5049,5049,781,307,464,233,0,341,148,296,,1738772212,2/5/2025 17:19,186.6960421,127.0.0.1,Version 3.0
all:ISD:2b:2r:4m:hamming,0,3.1668,1.5834,0.5,0.397163121,5.035714286,5.035714286,0.238636364,3102,3102,1086,459,616,50,0,565,147,294,,1738772405,2/5/2025 17:21,92.8382442,127.0.0.1,Version 3.0
all:ISD:2b:2r:8m:hamming,0,7.5661,3.7831,0.25,0.584532374,3.421538462,3.421538462,0.255384615,1112,1112,568,240,325,17,0,320,83,166,,1738772504,2/5/2025 17:22,21.93991494,127.0.0.1,Version 3.0
all:ISD:2b:2r:2m:hamming+,0,2.4095,1.1109,1,0.400940372,4.988272921,4.988272921,0.157782516,4679,4679,1730,782,938,124,0,606,148,321,,1738772832,2/5/2025 17:29,133.220315,127.0.0.1,Version 3.0
all:ISD:2b:2r:4m:hamming+,0,5.9188,2.8845,0.5,0.546546547,3.659340659,3.659340659,0.211538462,1332,1332,653,285,364,34,0,331,77,158,,1738772971,2/5/2025 17:29,26.69438601,127.0.0.1,Version 3.0
all:ISD:2b:2r:8m:hamming+,0,7.5355,3.677,0.25,0.580357143,3.446153846,3.446153846,0.249230769,1120,1120,570,241,325,15,0,280,81,166,,1738773004,2/5/2025 17:30,22.02910209,127.0.0.1,Version 3.0
all:ISD:2b:2r:2m:inline-hamming+,0,9.3295,4.6648,1,0.560619089,3.567484663,3.567484663,0.355828221,1163,1163,537,206,326,18,0,326,116,232,,1738773073,2/5/2025 17:31,24.86732101,127.0.0.1,Version 3.0
all:ISD:2b:2r:4m:inline-hamming+,0,7.8233,3.9116,0.5,0.591240876,3.382716049,3.382716049,0.268518519,1096,1096,563,236,324,4,0,324,87,174,,1738773104,2/5/2025 17:32,22.24130702,127.0.0.1,Version 3.0
all:ISD:2b:2r:8m:inline-hamming+,0,12.7441,6.3721,0.25,0.59371362,3.368627451,3.368627451,0.407843137,859,859,407,146,255,18,0,255,104,208,,1738773132,2/5/2025 17:32,16.32123995,127.0.0.1,Version 3.0
all:ICD:2b:2r:2m:none,0,15.6912,7.8456,1,0.530011325,3.773504274,3.773504274,0.555555556,883,883,339,101,234,45,0,234,130,260,,1738773190,2/5/2025 17:33,16.56980515,127.0.0.1,Version 3.0
all:ICD:2b:2r:4m:none,0,21.5059,10.7529,0.5,0.570224719,3.507389163,3.507389163,0.512315271,712,712,304,99,203,53,0,203,104,208,,1738773213,2/5/2025 17:33,9.671771049,127.0.0.1,Version 3.0
all:ICD:2b:2r:8m:none,0,17.0955,8.5477,0.25,0.640854473,3.120833333,3.120833333,0.504166667,749,749,361,118,240,12,0,240,121,242,,1738773229,2/5/2025 17:34,14.15579319,127.0.0.1,Version 3.0
all:ICD:2b:2r:2m:hamming,0,1.3785,0.6892,1,0.177058717,11.29568789,11.29568789,0.303901437,5501,5501,828,335,487,208,0,365,148,296,,1738773499,2/5/2025 17:41,214.7264991,127.0.0.1,Version 3.0
all:ICD:2b:2r:4m:hamming,0,3.1577,1.5789,0.5,0.411396368,4.861491629,4.861491629,0.223744292,3194,3194,1168,504,657,66,0,588,147,294,,1738773719,2/5/2025 17:43,93.104707,127.0.0.1,Version 3.0
all:ICD:2b:2r:8m:hamming,0,10.2129,5.1064,0.25,0.547283702,3.654411765,3.654411765,0.301470588,994,994,463,186,272,58,0,270,82,164,,1738773819,2/5/2025 17:43,16.05815601,127.0.0.1,Version 3.0
all:ICD:2b:2r:2m:hamming+,0,3.5754,1.5843,1,0.408961997,4.890429958,4.890429958,0.205270458,3526,3526,1296,568,721,128,0,503,148,334,,1738774141,2/5/2025 17:50,93.41716695,127.0.0.1,Version 3.0
all:ICD:2b:2r:4m:hamming+,0,5.6982,2.77,0.5,0.548183254,3.648414986,3.648414986,0.201729107,1266,1266,625,272,347,24,0,311,70,144,,1738774240,2/5/2025 17:51,25.27116394,127.0.0.1,Version 3.0
all:ICD:2b:2r:8m:hamming+,0,7.0732,3.3901,0.25,0.582623509,3.432748538,3.432748538,0.236842105,1174,1174,605,259,342,3,0,306,81,169,,1738774271,2/5/2025 17:51,23.89307594,127.0.0.1,Version 3.0
all:ICD:2b:2r:2m:inline-hamming+,0,17.6433,8.8217,1,0.617246596,3.240196078,3.240196078,0.676470588,661,661,271,64,204,1,0,204,138,276,,1738774340,2/5/2025 17:52,15.64332294,127.0.0.1,Version 3.0
all:ICD:2b:2r:4m:inline-hamming+,0,36.6614,18.3307,0.5,0.729411765,2.741935484,2.741935484,0.948387097,425,425,164,7,155,6,0,155,147,294,,1738774362,2/5/2025 17:52,8.019323826,127.0.0.1,Version 3.0
all:ICD:2b:2r:8m:inline-hamming+,0,18.7108,9.3554,0.25,0.629310345,3.178082192,3.178082192,0.552511416,696,696,319,98,219,14,0,219,121,242,,1738774376,2/5/2025 17:53,12.93372703,127.0.0.1,Version 3.0
all:IPD:2b:2r:4m:none,0,0,0,0.5,0.496466431,4.028469751,4.028469751,0,1132,1132,563,278,281,53,0,281,0,0,,1738774995,2/5/2025 18:03,17.14762521,127.0.0.1,Version 3.0
all:IPD:2b:2r:8m:none,0,0,0,0.25,0.499618029,4.003058104,4.003058104,0,1309,1309,655,323,327,57,0,327,0,0,,1738775018,2/5/2025 18:04,22.08468604,127.0.0.1,Version 3.0
all:IPD:2b:2r:8m:hamming,0,13.3392,6.6696,0.25,0.53480663,3.739669421,3.739669421,0.342975207,905,905,403,156,242,66,0,242,83,166,,1738775946,2/5/2025 18:19,12.44451308,127.0.0.1,Version 3.0
all:IPD:2b:2r:8m:hamming+,0,5.2131,2.6066,0.25,0.523227384,3.822429907,3.822429907,0.174454829,1227,1227,587,262,321,54,0,264,56,112,,1738776865,2/5/2025 18:34,21.48418307,127.0.0.1,Version 3.0
all:IPD:2b:2r:4m:inline-hamming+,0,0.0618,0.0309,0.5,0.534272902,3.743405276,3.743405276,0.002398082,1561,1561,834,408,417,9,0,417,1,2,,1738777492,2/5/2025 18:45,32.35553694,127.0.0.1,Version 3.0
all:IPD:2b:2r:8m:inline-hamming+,0,0.1941,0.097,0.25,0.528716216,3.782747604,3.782747604,0.006389776,1184,1184,625,305,313,30,0,313,2,4,,1738777531,2/5/2025 18:45,20.608711,127.0.0.1,Version 3.0
all:ISPN:2b:2r:2m:none,0,9.3575,4.6788,1,0.576086957,3.471698113,3.471698113,0.349056604,1104,1104,526,203,318,14,0,318,111,222,,1738777587,2/5/2025 18:46,23.72417998,127.0.0.1,Version 3.0
all:ISPN:2b:2r:4m:none,0,5.3947,2.6973,0.5,0.544494721,3.673130194,3.673130194,0.193905817,1326,1326,654,290,361,37,0,361,70,140,,1738777617,2/5/2025 18:47,25.95148802,127.0.0.1,Version 3.0
all:ISPN:2b:2r:8m:none,0,5.9303,2.9651,0.25,0.570948783,3.502941176,3.502941176,0.205882353,1191,1191,611,264,340,14,0,340,70,140,,1738777649,2/5/2025 18:47,23.60760713,127.0.0.1,Version 3.0
all:ISPN:2b:2r:8m:hamming,0,2.9519,1.476,0.25,0.515077425,3.882911392,3.882911392,0.098101266,1227,1227,602,282,316,48,0,316,31,62,,1738778578,2/5/2025 19:03,21.00310898,127.0.0.1,Version 3.0
all:ISPN:2b:2r:2m:hamming+,0,2.0234,0.8576,1,0.462279294,4.326388889,4.326388889,0.088888889,3115,3115,1377,648,720,91,0,484,64,151,,1738778905,2/5/2025 19:09,74.62768197,127.0.0.1,Version 3.0
all:ISPN:2b:2r:4m:hamming+,0,5.2273,2.5032,0.5,0.214130906,9.340080972,9.340080972,0.137651822,2307,2307,462,209,247,700,0,189,34,71,,1738778986,2/5/2025 19:09,13.58258796,127.0.0.1,Version 3.0
all:ISPN:2b:2r:8m:hamming+,0,4.454,2.1465,0.25,0.534184139,3.744027304,3.744027304,0.136518771,1097,1097,547,251,293,34,0,222,40,83,,1738779006,2/5/2025 19:10,18.63499808,127.0.0.1,Version 3.0
all:ISPN:2b:2r:2m:inline-hamming+,0,7.2972,3.6486,1,0.555023923,3.603448276,3.603448276,0.275862069,1254,1254,601,248,348,21,0,348,96,192,,1738779076,2/5/2025 19:11,26.31160903,127.0.0.1,Version 3.0
all:ISPN:2b:2r:4m:inline-hamming+,0,38.4951,19.2475,0.5,0.741293532,2.697986577,2.697986577,1,402,402,151,0,149,2,0,149,149,298,,1738779109,2/5/2025 19:11,7.741253138,127.0.0.1,Version 3.0
all:ISPN:2b:2r:8m:inline-hamming+,0,6.7287,3.3644,0.25,0.537067545,3.72392638,3.72392638,0.23006135,1214,1214,578,247,326,43,0,326,75,150,,1738779122,2/5/2025 19:12,22.29255199,127.0.0.1,Version 3.0
all:timestamp:2b:2r:2m:none,0,15.1068,7.5534,1,0.593710692,3.368644068,3.368644068,0.593220339,795,795,334,95,236,8,0,236,140,280,,1738779190,2/5/2025 19:13,18.53467417,127.0.0.1,Version 3.0
all:timestamp:2b:2r:4m:none,0,20.4066,10.2033,0.5,0.607092199,3.294392523,3.294392523,0.53271028,705,705,316,100,214,40,0,214,114,228,,1738779214,2/5/2025 19:13,11.17283702,127.0.0.1,Version 3.0
all:timestamp:2b:2r:8m:none,0,20.1136,10.0568,0.25,0.63880597,3.130841121,3.130841121,0.588785047,670,670,304,88,214,12,0,214,126,252,,1738779232,2/5/2025 19:14,12.52886486,127.0.0.1,Version 3.0
all:timestamp:2b:2r:2m:hamming,0,1.5558,0.7779,1,0.060421079,33.10103093,33.10103093,0.303092784,16054,16054,824,330,485,5695,0,352,147,294,,1738779491,2/5/2025 19:21,188.9647319,127.0.0.1,Version 3.0
all:timestamp:2b:2r:4m:hamming,0,3.1774,1.5887,0.5,0.404710257,4.941807044,4.941807044,0.226646248,3227,3227,1160,501,653,79,0,596,148,296,,1738779686,2/5/2025 19:22,93.15650392,127.0.0.1,Version 3.0
all:timestamp:2b:2r:8m:hamming,0,6.9251,3.4625,0.25,0.550802139,3.631067961,3.631067961,0.229773463,1122,1122,548,231,309,34,0,299,71,142,,1738779785,2/5/2025 19:23,20.50514889,127.0.0.1,Version 3.0
all:timestamp:2b:2r:2m:hamming+,0,3.1033,1.4528,1,0.409171975,4.887920299,4.887920299,0.183063512,3925,3925,1461,645,803,164,0,561,147,314,,1738780112,2/5/2025 19:30,101.1830442,127.0.0.1,Version 3.0
all:timestamp:2b:2r:4m:hamming+,0,7.6937,3.6981,0.5,0.557983193,3.584337349,3.584337349,0.262048193,1190,1190,579,242,332,22,0,299,87,181,,1738780219,2/5/2025 19:30,23.52562809,127.0.0.1,Version 3.0
all:timestamp:2b:2r:8m:hamming+,0,6.7352,3.2679,0.25,0.549019608,3.642857143,3.642857143,0.234285714,1275,1275,619,267,350,32,0,315,82,169,,1738780248,2/5/2025 19:31,25.09223199,127.0.0.1,Version 3.0
all:timestamp:2b:2r:2m:inline-hamming+,0,24.0188,12.0094,1,0.613168724,3.261744966,3.261744966,1,486,486,151,0,149,2,0,149,149,298,,1738780314,2/5/2025 19:32,12.40692902,127.0.0.1,Version 3.0
all:timestamp:2b:2r:4m:inline-hamming+,0,22.7186,11.3593,0.5,0.592709984,3.374331551,3.374331551,0.534759358,631,631,276,87,187,35,0,187,100,200,,1738780333,2/5/2025 19:32,8.803349018,127.0.0.1,Version 3.0
all:timestamp:2b:2r:8m:inline-hamming+,0,27.6605,13.8303,0.25,0.678095238,2.949438202,2.949438202,0.769662921,525,525,221,41,178,10,0,178,137,274,,1738780347,2/5/2025 19:32,9.905821085,127.0.0.1,Version 3.0
broadcast_bpf:ISD:2b:4r:4m:none,0,8.1687,4.0844,0.5,0.574058577,3.483965015,3.483965015,0.29154519,1195,1195,587,240,343,22,0,343,100,200,,1738780364,2/5/2025 19:33,24.48364997,127.0.0.1,Version 3.0
broadcast_bpf:ISD:2b:4r:2m:hamming,0,1.4358,0.7179,1,0.181707811,11.00668151,11.00668151,0.329621381,4942,4942,751,297,449,73,0,321,148,296,,1738780679,2/5/2025 19:41,206.163096,127.0.0.1,Version 3.0
broadcast_bpf:ISD:2b:4r:4m:hamming,0,2.7783,1.3891,0.5,0.415236987,4.816526611,4.816526611,0.207282913,3439,3439,1281,560,714,15,0,654,148,296,,1738780891,2/5/2025 19:43,106.5405781,127.0.0.1,Version 3.0
broadcast_bpf:ISD:2b:4r:8m:hamming,0,7.2897,3.6449,0.25,0.602564103,3.319148936,3.319148936,0.252279635,1092,1092,576,242,329,1,0,312,83,166,,1738781004,2/5/2025 19:43,22.77176094,127.0.0.1,Version 3.0
broadcast_bpf:ISD:2b:4r:2m:hamming+,0,3.2969,1.5014,1,0.426426426,4.690140845,4.690140845,0.208450704,3330,3330,1273,549,710,46,0,489,148,325,,1738781333,2/5/2025 19:50,98.57709789,127.0.0.1,Version 3.0
broadcast_bpf:ISD:2b:4r:4m:hamming+,0,6.4704,3.1962,0.5,0.560192616,3.570200573,3.570200573,0.23495702,1246,1246,617,261,349,19,0,303,82,166,,1738781437,2/5/2025 19:51,25.65526295,127.0.0.1,Version 3.0
broadcast_bpf:ISD:2b:4r:8m:hamming+,0,5.2607,2.5329,0.25,0.580524345,3.44516129,3.44516129,0.167741935,1068,1068,569,254,310,6,0,272,52,108,,1738781469,2/5/2025 19:51,20.52965093,127.0.0.1,Version 3.0
broadcast_bpf:ISD:2b:4r:2m:inline-hamming+,0,6.9425,3.4712,1,0.565726084,3.535279805,3.535279805,0.289537713,1453,1453,704,291,411,1,0,411,119,238,,1738781533,2/5/2025 19:52,34.28165102,127.0.0.1,Version 3.0
broadcast_bpf:ISD:2b:4r:4m:inline-hamming+,0,9.0118,4.5059,0.5,0.601092896,3.327272727,3.327272727,0.312121212,1098,1098,559,225,330,7,0,330,103,206,,1738781574,2/5/2025 19:53,22.85887909,127.0.0.1,Version 3.0
broadcast_bpf:ISD:2b:4r:8m:inline-hamming+,0,8.2319,4.116,0.25,0.605832549,3.301242236,3.301242236,0.279503106,1063,1063,556,231,322,2,0,322,90,180,,1738781603,2/5/2025 19:53,21.86603713,127.0.0.1,Version 3.0
broadcast_bpf:ICD:2b:4r:2m:none,0,9.2982,4.6491,1,0.583663759,3.426630435,3.426630435,0.372282609,1261,1261,600,228,368,4,0,368,137,274,,1738781768,2/5/2025 19:56,29.46793699,127.0.0.1,Version 3.0
broadcast_bpf:ICD:2b:4r:4m:none,0,11.0328,5.5164,0.5,0.628336756,3.183006536,3.183006536,0.362745098,974,974,503,193,306,2,0,306,111,222,,1738781804,2/5/2025 19:57,20.12173295,127.0.0.1,Version 3.0
broadcast_bpf:ICD:2b:4r:8m:none,0,11.8961,5.948,0.25,0.629262926,3.178321678,3.178321678,0.370629371,909,909,467,177,286,6,0,286,106,212,,1738781830,2/5/2025 19:57,17.8210361,127.0.0.1,Version 3.0
broadcast_bpf:ICD:2b:4r:2m:hamming,0,1.0963,0.5482,1,0.183639898,10.89087948,10.89087948,0.241042345,6687,6687,1081,460,614,158,0,427,148,296,,1738782154,2/5/2025 20:07,269.9964788,127.0.0.1,Version 3.0
broadcast_bpf:ICD:2b:4r:4m:hamming,0,3.6422,1.8211,0.5,0.427282569,4.680743243,4.680743243,0.25,2771,2771,1038,437,592,46,0,546,148,296,,1738782430,2/5/2025 20:08,81.27052402,127.0.0.1,Version 3.0
broadcast_bpf:ICD:2b:4r:8m:hamming,0,5.8372,2.9186,0.25,0.577817531,3.46130031,3.46130031,0.20123839,1118,1118,582,254,323,7,0,314,65,130,,1738782517,2/5/2025 20:08,22.27082491,127.0.0.1,Version 3.0
broadcast_bpf:ICD:2b:4r:2m:hamming+,0,3.719,1.7254,1,0.423947094,4.717569787,4.717569787,0.243021346,2873,2873,1071,454,609,49,0,434,148,319,,1738782845,2/5/2025 20:15,85.77587509,127.0.0.1,Version 3.0
broadcast_bpf:ICD:2b:4r:4m:hamming+,0,7.6675,3.6083,0.5,0.573969281,3.484507042,3.484507042,0.270422535,1237,1237,616,255,355,14,0,313,96,204,,1738782937,2/5/2025 20:16,26.60566092,127.0.0.1,Version 3.0
broadcast_bpf:ICD:2b:4r:8m:hamming+,0,6.3515,3.11,0.25,0.590134529,3.389057751,3.389057751,0.215805471,1115,1115,588,255,329,2,0,281,71,145,,1738782970,2/5/2025 20:16,22.82939887,127.0.0.1,Version 3.0
broadcast_bpf:ICD:2b:4r:2m:inline-hamming+,0,8.4472,4.2236,1,0.570996979,3.502645503,3.502645503,0.341269841,1324,1324,628,246,378,11,0,378,129,258,,1738783135,2/5/2025 20:19,30.54263592,127.0.0.1,Version 3.0
broadcast_bpf:ICD:2b:4r:4m:inline-hamming+,0,11.2532,5.6266,0.5,0.61424017,3.256055363,3.256055363,0.356401384,941,941,476,184,289,12,0,289,103,206,,1738783171,2/5/2025 20:19,18.30592299,127.0.0.1,Version 3.0
broadcast_bpf:ICD:2b:4r:8m:inline-hamming+,0,11.8311,5.9156,0.25,0.61761658,3.238255034,3.238255034,0.382550336,965,965,484,181,298,17,0,298,114,228,,1738783196,2/5/2025 20:20,19.27116704,127.0.0.1,Version 3.0
broadcast_bpf:IPD:2b:4r:4m:none,0,0,0,0.5,0.539638387,3.706185567,3.706185567,0,1438,1438,777,385,388,5,0,388,0,0,,1738783822,2/5/2025 20:30,29.633394,127.0.0.1,Version 3.0
broadcast_bpf:IPD:2b:4r:8m:none,0,0.1334,0.0667,0.25,0.524193548,3.815384615,3.815384615,0.005128205,1488,1488,779,384,390,22,0,390,2,4,,1738783857,2/5/2025 20:31,29.97544003,127.0.0.1,Version 3.0
broadcast_bpf:IPD:2b:4r:8m:hamming,0,9.6981,4.8491,0.25,0.614770459,3.253246753,3.253246753,0.331168831,1002,1002,516,48,308,3,0,308,102,204,,1738784793,2/5/2025 20:46,21.03502917,127.0.0.1,Version 3.0
broadcast_bpf:ISD:2b:0r:2m:none,0,1.5897,0.7948,1,0.011725178,170.5730994,170.5730994,0.760233918,29168,29168,214,41,171,64,0,171,130,260,,1738692398,2/4/2025 19:09,163.5537791,127.0.0.1,Version 3.0
broadcast_bpf:ISD:2b:0r:8m:none,0,174.7865,87.3933,0.25,0.284894837,7.020134228,7.020134228,1,1046,1046,151,0,149,1,0,149,149,298,,1738692567,2/4/2025 19:09,1.704936981,127.0.0.1,Version 3.0
broadcast_bpf:ISPN:2b:0r:2m:none,0,14.9451,7.4726,1,0.165024631,12.11940299,12.11940299,0.313432836,2436,2436,341,136,201,18,0,201,63,126,,1738692590,2/4/2025 19:09,8.430850029,127.0.0.1,Version 3.0
broadcast_bpf:ISPN:2b:0r:8m:none,0,14.4362,7.2181,0.25,0.187926509,10.6424581,10.6424581,0.217877095,1905,1905,321,136,179,1,0,179,39,78,,1738692604,2/4/2025 19:10,5.403067112,127.0.0.1,Version 3.0
broadcast_bpf:ISD:2b:2r:2m:none,0,38.7086,19.3543,1,0.189342404,10.56287425,10.56287425,0.610778443,1764,1764,234,64,167,0,0,167,102,204,,1738692641,2/4/2025 19:10,5.270143032,127.0.0.1,Version 3.0
broadcast_bpf:ISD:2b:2r:8m:none,0,36.7513,18.3756,0.25,0.203962704,9.805714286,9.805714286,0.52,1716,1716,261,83,175,0,0,175,91,182,,1738692651,2/4/2025 19:10,4.952208996,127.0.0.1,Version 3.0
broadcast_bpf:ISPN:2b:2r:2m:none,0,19.771,9.8855,1,0.196035242,10.20224719,10.20224719,0.303370787,1816,1816,304,120,178,0,0,178,54,108,,1738692676,2/4/2025 19:11,5.46253705,127.0.0.1,Version 3.0
broadcast_bpf:ISPN:2b:2r:8m:none,0,11.569,5.7845,0.25,0.181124881,11.04210526,11.04210526,0.194736842,2098,2098,345,149,190,20,0,190,37,74,,1738692686,2/4/2025 19:11,6.396389008,127.0.0.1,Version 3.0
broadcast_bpf:ISD:2b:4r:2m:none,0,21.9331,10.9665,1,0.185108583,10.80446927,10.80446927,0.374301676,1934,1934,293,107,179,7,0,179,67,134,,1738692716,2/4/2025 19:12,6.109493971,127.0.0.1,Version 3.0
broadcast_bpf:ISD:2b:4r:8m:none,0,25.7227,12.8613,0.25,0.208009564,9.614942529,9.614942529,0.33908046,1673,1673,290,114,174,1,0,174,59,118,,1738692727,2/4/2025 19:12,4.587392092,127.0.0.1,Version 3.0
broadcast_bpf:ISPN:2b:4r:2m:none,0,18.5139,9.2569,1,0.179534884,11.13989637,11.13989637,0.347150259,2150,2150,320,123,193,0,0,193,67,134,,1738692753,2/4/2025 19:12,7.237812042,127.0.0.1,Version 3.0
broadcast_bpf:ISPN:2b:4r:8m:none,0,18.403,9.2015,0.25,0.207885305,9.620689655,9.620689655,0.24137931,1674,1674,307,129,174,0,0,174,42,84,,1738692766,2/4/2025 19:12,4.564460993,127.0.0.1,Version 3.0
broadcast_bpf:ISD:3b:0r:8m:none,0,260,86.6667,0.375,0.337078652,8.9,8.9,1,890,890,102,0,100,7,0,100,100,300,,1738693375,2/4/2025 19:22,1.153846025,127.0.0.1,Version 3.0
broadcast_bpf:ISPN:3b:0r:8m:none,0,20.7518,6.9173,0.375,0.247669774,12.11290323,12.11290323,0.217741935,1502,1502,222,94,124,3,0,124,27,81,,1738693423,2/4/2025 19:23,3.903272867,127.0.0.1,Version 3.0
broadcast_bpf:ISD:3b:2r:8m:none,0,54.4247,18.1416,0.375,0.262331839,11.43589744,11.43589744,0.478632479,1338,1338,180,60,117,12,0,117,56,168,,1738693471,2/4/2025 19:24,3.086833,127.0.0.1,Version 3.0
broadcast_bpf:ISPN:3b:2r:8m:none,0,21.6039,7.2013,0.375,0.239079103,12.54814815,12.54814815,0.274074074,1694,1694,235,96,135,0,0,135,37,111,,1738693518,2/4/2025 19:25,5.13796401,127.0.0.1,Version 3.0
broadcast_bpf:ISD:3b:4r:8m:none,0,26.9773,8.9924,0.375,0.252808989,11.86666667,11.86666667,0.258333333,1424,1424,211,86,120,10,0,120,31,93,,1738693563,2/4/2025 19:26,3.447342157,127.0.0.1,Version 3.0
broadcast_bpf:ISPN:3b:4r:8m:none,0,21.3835,7.1278,0.375,0.251373626,11.93442623,11.93442623,0.213114754,1456,1456,219,95,122,8,0,122,26,78,,1738693610,2/4/2025 19:26,3.647670984,127.0.0.1,Version 3.0
broadcast_bpf:ISD:8b:0r:8m:none,0,5.6709,0.7089,1,0.040496565,197.547619,197.547619,0.738095238,8297,8297,55,10,42,60,0,42,31,248,,1738694219,2/4/2025 19:37,43.73200083,127.0.0.1,Version 3.0
broadcast_bpf:ISPN:8b:0r:2m:none,0,0,0,4,0.032255237,248.0217391,248.0217391,0,22818,22818,186,88,92,183,0,92,0,0,,1738694469,2/4/2025 19:43,126.106174,127.0.0.1,Version 3.0
broadcast_bpf:ISPN:8b:0r:8m:none,0,12.9909,1.6239,1,0.366169154,21.84782609,21.84782609,0.065217391,1005,1005,90,37,46,4,0,46,3,24,,1738694600,2/4/2025 19:43,1.847446918,127.0.0.1,Version 3.0
broadcast_bpf:ISD:8b:2r:8m:none,0,38.9705,4.8713,1,0.344530577,23.22,23.22,0.28,1161,1161,88,35,50,2,0,50,14,112,,1738695062,2/4/2025 19:51,2.873971939,127.0.0.1,Version 3.0
broadcast_bpf:ISPN:8b:2r:0m:none,0,0,0,8,0.015796165,506.4520548,506.4520548,0,36971,36971,148,71,73,254,0,73,0,0,,1738695070,2/4/2025 19:54,206.0100319,127.0.0.1,Version 3.0
broadcast_bpf:ISPN:8b:2r:8m:none,0,13.8782,1.7348,1,0.371134021,21.55555556,21.55555556,0.066666667,970,970,88,39,45,0,0,45,3,24,,1738695401,2/4/2025 19:56,1.729331017,127.0.0.1,Version 3.0
broadcast_bpf:ISD:8b:4r:0m:none,0,0,0,8,0.016618854,481.3809524,481.3809524,0,40436,40436,170,82,84,241,0,84,0,0,,1738695408,2/4/2025 20:00,226.4756289,127.0.0.1,Version 3.0
broadcast_bpf:ISD:8b:4r:8m:none,0,9.6621,1.2078,1,0.376220053,21.26415094,21.26415094,0.056603774,1127,1127,104,47,53,3,0,53,3,24,,1738695704,2/4/2025 20:01,2.483944893,127.0.0.1,Version 3.0
broadcast_bpf:ISPN:8b:4r:8m:none,0,17.5741,2.1968,1,0.369107322,21.67391304,21.67391304,0.086956522,997,997,89,41,46,1,0,46,4,32,,1738696025,2/4/2025 20:07,1.82086587,127.0.0.1,Version 3.0
broadcast_bpf:ISD:3b:0r:0m:none,-1,factory timeout,,,,,,,,,,,,,,,,,,,,,,
broadcast_bpf:ISD:8b:0r:0m:none,-1,factory timeout,,,,,,,,,,,,,,,,,,,,,,
broadcast_bpf:ISD:8b:0r:2m:none,-1,factory timeout,,,,,,,,,,,,,,,,,,,,,,
broadcast_bpf:ISPN:8b:0r:0m:none,-1,factory timeout,,,,,,,,,,,,,,,,,,,,,,
broadcast_bpf:ISD:8b:2r:0m:none,-1,factory timeout,,,,,,,,,,,,,,,,,,,,,,
broadcast_bpf:ISPN:8b:2r:0m:none,-1,factory timeout,,,,,,,,,,,,,,,,,,,,,,
broadcast_bpf:ISD:8b:4r:0m:none,-1,factory timeout,,,,,,,,,,,,,,,,,,,,,,
broadcast_bpf:ISPN:8b:4r:0m:none,-1,factory timeout,,,,,,,,,,,,,,,,,,,,,,
broadcast_bpf:ISD:2b:0r:0m:none,-1,factory timeout,,,,,,,,,,,,,,,,,,,,,,
broadcast_bpf:ISD:2b:0r:0m:hamming,-1,factory timeout,,,,,,,,,,,,,,,,,,,,,,
broadcast_bpf:ISD:2b:0r:2m:hamming,-1,factory timeout,,,,,,,,,,,,,,,,,,,,,,
broadcast_bpf:ISD:2b:0r:4m:hamming,-1,factory timeout,,,,,,,,,,,,,,,,,,,,,,
broadcast_bpf:ISD:2b:0r:0m:hamming+,-1,factory timeout,,,,,,,,,,,,,,,,,,,,,,
broadcast_bpf:ISD:2b:0r:2m:hamming+,-1,factory timeout,,,,,,,,,,,,,,,,,,,,,,
broadcast_bpf:ISD:2b:0r:4m:hamming+,-1,factory timeout,,,,,,,,,,,,,,,,,,,,,,
broadcast_bpf:ISD:2b:0r:0m:inline-hamming+,-1,factory timeout,,,,,,,,,,,,,,,,,,,,,,
broadcast_bpf:ICD:2b:0r:0m:none,-1,factory timeout,,,,,,,,,,,,,,,,,,,,,,
broadcast_bpf:ICD:2b:0r:0m:hamming,-1,factory timeout,,,,,,,,,,,,,,,,,,,,,,
broadcast_bpf:ICD:2b:0r:2m:hamming,-1,factory timeout,,,,,,,,,,,,,,,,,,,,,,
broadcast_bpf:ICD:2b:0r:4m:hamming,-1,factory timeout,,,,,,,,,,,,,,,,,,,,,,
broadcast_bpf:ICD:2b:0r:0m:hamming+,-1,factory timeout,,,,,,,,,,,,,,,,,,,,,,
broadcast_bpf:ICD:2b:0r:2m:hamming+,-1,factory timeout,,,,,,,,,,,,,,,,,,,,,,
broadcast_bpf:ICD:2b:0r:0m:inline-hamming+,-1,factory timeout,,,,,,,,,,,,,,,,,,,,,,
broadcast_bpf:IPD:2b:0r:0m:none,-1,factory timeout,,,,,,,,,,,,,,,,,,,,,,
broadcast_bpf:IPD:2b:0r:2m:none,-1,factory timeout,,,,,,,,,,,,,,,,,,,,,,
broadcast_bpf:IPD:2b:0r:0m:hamming,-1,factory timeout,,,,,,,,,,,,,,,,,,,,,,
broadcast_bpf:IPD:2b:0r:2m:hamming,-1,factory timeout,,,,,,,,,,,,,,,,,,,,,,
broadcast_bpf:IPD:2b:0r:4m:hamming,-1,factory timeout,,,,,,,,,,,,,,,,,,,,,,
broadcast_bpf:IPD:2b:0r:0m:hamming+,-1,factory timeout,,,,,,,,,,,,,,,,,,,,,,
broadcast_bpf:IPD:2b:0r:2m:hamming+,-1,factory timeout,,,,,,,,,,,,,,,,,,,,,,
broadcast_bpf:IPD:2b:0r:4m:hamming+,-1,factory timeout,,,,,,,,,,,,,,,,,,,,,,
broadcast_bpf:IPD:2b:0r:0m:inline-hamming+,-1,factory timeout,,,,,,,,,,,,,,,,,,,,,,
broadcast_bpf:IPD:2b:0r:2m:inline-hamming+,-1,factory timeout,,,,,,,,,,,,,,,,,,,,,,
broadcast_bpf:ISPN:2b:0r:0m:hamming,-1,factory timeout,,,,,,,,,,,,,,,,,,,,,,
broadcast_bpf:ISPN:2b:0r:2m:hamming,-1,factory timeout,,,,,,,,,,,,,,,,,,,,,,
broadcast_bpf:ISPN:2b:0r:4m:hamming,-1,factory timeout,,,,,,,,,,,,,,,,,,,,,,
broadcast_bpf:ISPN:2b:0r:0m:hamming+,-1,factory timeout,,,,,,,,,,,,,,,,,,,,,,
broadcast_bpf:timestamp:2b:0r:0m:none,-1,factory timeout,,,,,,,,,,,,,,,,,,,,,,
broadcast_bpf:timestamp:2b:0r:0m:hamming,-1,factory timeout,,,,,,,,,,,,,,,,,,,,,,
broadcast_bpf:timestamp:2b:0r:2m:hamming,-1,factory timeout,,,,,,,,,,,,,,,,,,,,,,
broadcast_bpf:timestamp:2b:0r:4m:hamming,-1,factory timeout,,,,,,,,,,,,,,,,,,,,,,
broadcast_bpf:timestamp:2b:0r:0m:hamming+,-1,factory timeout,,,,,,,,,,,,,,,,,,,,,,
broadcast_bpf:timestamp:2b:0r:2m:hamming+,-1,factory timeout,,,,,,,,,,,,,,,,,,,,,,
broadcast_bpf:timestamp:2b:0r:0m:inline-hamming+,-1,factory timeout,,,,,,,,,,,,,,,,,,,,,,
all:ISD:2b:0r:0m:none,-1,factory timeout,,,,,,,,,,,,,,,,,,,,,,
all:ISD:2b:0r:0m:hamming,-1,factory timeout,,,,,,,,,,,,,,,,,,,,,,
all:ISD:2b:0r:2m:hamming,-1,factory timeout,,,,,,,,,,,,,,,,,,,,,,
all:ISD:2b:0r:4m:hamming,-1,factory timeout,,,,,,,,,,,,,,,,,,,,,,
all:ISD:2b:0r:0m:hamming+,-1,factory timeout,,,,,,,,,,,,,,,,,,,,,,
all:ISD:2b:0r:2m:hamming+,-1,factory timeout,,,,,,,,,,,,,,,,,,,,,,
all:ISD:2b:0r:4m:hamming+,-1,factory timeout,,,,,,,,,,,,,,,,,,,,,,
all:ISD:2b:0r:0m:inline-hamming+,-1,factory timeout,,,,,,,,,,,,,,,,,,,,,,
all:ICD:2b:0r:0m:none,-1,factory timeout,,,,,,,,,,,,,,,,,,,,,,
all:ICD:2b:0r:0m:hamming,-1,factory timeout,,,,,,,,,,,,,,,,,,,,,,
all:ICD:2b:0r:2m:hamming,-1,factory timeout,,,,,,,,,,,,,,,,,,,,,,
all:ICD:2b:0r:4m:hamming,-1,factory timeout,,,,,,,,,,,,,,,,,,,,,,
all:ICD:2b:0r:0m:hamming+,-1,factory timeout,,,,,,,,,,,,,,,,,,,,,,
all:ICD:2b:0r:2m:hamming+,-1,factory timeout,,,,,,,,,,,,,,,,,,,,,,
all:ICD:2b:0r:0m:inline-hamming+,-1,factory timeout,,,,,,,,,,,,,,,,,,,,,,
all:IPD:2b:0r:0m:none,-1,factory timeout,,,,,,,,,,,,,,,,,,,,,,
all:IPD:2b:0r:2m:none,-1,factory timeout,,,,,,,,,,,,,,,,,,,,,,
all:IPD:2b:0r:0m:hamming,-1,factory timeout,,,,,,,,,,,,,,,,,,,,,,
all:IPD:2b:0r:2m:hamming,-1,factory timeout,,,,,,,,,,,,,,,,,,,,,,
all:IPD:2b:0r:4m:hamming,-1,factory timeout,,,,,,,,,,,,,,,,,,,,,,
all:IPD:2b:0r:0m:hamming+,-1,factory timeout,,,,,,,,,,,,,,,,,,,,,,
all:IPD:2b:0r:2m:hamming+,-1,factory timeout,,,,,,,,,,,,,,,,,,,,,,
all:IPD:2b:0r:4m:hamming+,-1,factory timeout,,,,,,,,,,,,,,,,,,,,,,
all:IPD:2b:0r:0m:inline-hamming+,-1,factory timeout,,,,,,,,,,,,,,,,,,,,,,
all:IPD:2b:0r:2m:inline-hamming+,-1,factory timeout,,,,,,,,,,,,,,,,,,,,,,
all:ISPN:2b:0r:0m:hamming,-1,factory timeout,,,,,,,,,,,,,,,,,,,,,,
all:ISPN:2b:0r:2m:hamming,-1,factory timeout,,,,,,,,,,,,,,,,,,,,,,
all:ISPN:2b:0r:4m:hamming,-1,factory timeout,,,,,,,,,,,,,,,,,,,,,,
all:ISPN:2b:0r:0m:hamming+,-1,factory timeout,,,,,,,,,,,,,,,,,,,,,,
all:timestamp:2b:0r:0m:none,-1,factory timeout,,,,,,,,,,,,,,,,,,,,,,
all:timestamp:2b:0r:0m:hamming,-1,factory timeout,,,,,,,,,,,,,,,,,,,,,,
all:timestamp:2b:0r:2m:hamming,-1,factory timeout,,,,,,,,,,,,,,,,,,,,,,
all:timestamp:2b:0r:4m:hamming,-1,factory timeout,,,,,,,,,,,,,,,,,,,,,,
all:timestamp:2b:0r:0m:hamming+,-1,factory timeout,,,,,,,,,,,,,,,,,,,,,,
all:timestamp:2b:0r:2m:hamming+,-1,factory timeout,,,,,,,,,,,,,,,,,,,,,,
all:timestamp:2b:0r:0m:inline-hamming+,-1,factory timeout,,,,,,,,,,,,,,,,,,,,,,
broadcast_bpf:ISD:2b:2r:0m:hamming+,-1,factory timeout,,,,,,,,,,,,,,,,,,,,,,
broadcast_bpf:ICD:2b:2r:0m:hamming+,-1,factory timeout,,,,,,,,,,,,,,,,,,,,,,
broadcast_bpf:IPD:2b:2r:0m:none,-1,factory timeout,,,,,,,,,,,,,,,,,,,,,,
broadcast_bpf:IPD:2b:2r:2m:none,-1,factory timeout,,,,,,,,,,,,,,,,,,,,,,
broadcast_bpf:IPD:2b:2r:0m:hamming,-1,factory timeout,,,,,,,,,,,,,,,,,,,,,,
broadcast_bpf:IPD:2b:2r:2m:hamming,-1,factory timeout,,,,,,,,,,,,,,,,,,,,,,
broadcast_bpf:IPD:2b:2r:4m:hamming,-1,factory timeout,,,,,,,,,,,,,,,,,,,,,,
broadcast_bpf:IPD:2b:2r:0m:hamming+,-1,factory timeout,,,,,,,,,,,,,,,,,,,,,,
broadcast_bpf:IPD:2b:2r:2m:hamming+,-1,factory timeout,,,,,,,,,,,,,,,,,,,,,,
broadcast_bpf:IPD:2b:2r:4m:hamming+,-1,factory timeout,,,,,,,,,,,,,,,,,,,,,,
broadcast_bpf:IPD:2b:2r:0m:inline-hamming+,-1,factory timeout,,,,,,,,,,,,,,,,,,,,,,
broadcast_bpf:IPD:2b:2r:2m:inline-hamming+,-1,factory timeout,,,,,,,,,,,,,,,,,,,,,,
broadcast_bpf:ISPN:2b:2r:0m:hamming,-1,factory timeout,,,,,,,,,,,,,,,,,,,,,,
broadcast_bpf:ISPN:2b:2r:2m:hamming,-1,factory timeout,,,,,,,,,,,,,,,,,,,,,,
broadcast_bpf:ISPN:2b:2r:4m:hamming,-1,factory timeout,,,,,,,,,,,,,,,,,,,,,,
broadcast_bpf:ISPN:2b:2r:0m:hamming+,-1,factory timeout,,,,,,,,,,,,,,,,,,,,,,
broadcast_bpf:timestamp:2b:2r:0m:hamming,-1,factory timeout,,,,,,,,,,,,,,,,,,,,,,
broadcast_bpf:timestamp:2b:2r:0m:hamming+,-1,factory timeout,,,,,,,,,,,,,,,,,,,,,,
all:ISD:2b:2r:0m:hamming+,-1,factory timeout,,,,,,,,,,,,,,,,,,,,,,
all:ICD:2b:2r:0m:hamming+,-1,factory timeout,,,,,,,,,,,,,,,,,,,,,,
all:IPD:2b:2r:0m:none,-1,factory timeout,,,,,,,,,,,,,,,,,,,,,,
all:IPD:2b:2r:2m:none,-1,factory timeout,,,,,,,,,,,,,,,,,,,,,,
all:IPD:2b:2r:0m:hamming,-1,factory timeout,,,,,,,,,,,,,,,,,,,,,,
all:IPD:2b:2r:2m:hamming,-1,factory timeout,,,,,,,,,,,,,,,,,,,,,,
all:IPD:2b:2r:4m:hamming,-1,factory timeout,,,,,,,,,,,,,,,,,,,,,,
all:IPD:2b:2r:0m:hamming+,-1,factory timeout,,,,,,,,,,,,,,,,,,,,,,
all:IPD:2b:2r:2m:hamming+,-1,factory timeout,,,,,,,,,,,,,,,,,,,,,,
all:IPD:2b:2r:4m:hamming+,-1,factory timeout,,,,,,,,,,,,,,,,,,,,,,
all:IPD:2b:2r:0m:inline-hamming+,-1,factory timeout,,,,,,,,,,,,,,,,,,,,,,
all:IPD:2b:2r:2m:inline-hamming+,-1,factory timeout,,,,,,,,,,,,,,,,,,,,,,
all:ISPN:2b:2r:0m:hamming,-1,factory timeout,,,,,,,,,,,,,,,,,,,,,,
all:ISPN:2b:2r:2m:hamming,-1,factory timeout,,,,,,,,,,,,,,,,,,,,,,
all:ISPN:2b:2r:4m:hamming,-1,factory timeout,,,,,,,,,,,,,,,,,,,,,,
all:ISPN:2b:2r:0m:hamming+,-1,factory timeout,,,,,,,,,,,,,,,,,,,,,,
all:timestamp:2b:2r:0m:hamming+,-1,factory timeout,,,,,,,,,,,,,,,,,,,,,,
broadcast_bpf:ISD:2b:4r:0m:hamming+,-1,factory timeout,,,,,,,,,,,,,,,,,,,,,,
broadcast_bpf:ICD:2b:4r:0m:hamming,-1,factory timeout,,,,,,,,,,,,,,,,,,,,,,
broadcast_bpf:ICD:2b:4r:0m:hamming+,-1,factory timeout,,,,,,,,,,,,,,,,,,,,,,
broadcast_bpf:IPD:2b:4r:0m:none,-1,factory timeout,,,,,,,,,,,,,,,,,,,,,,
broadcast_bpf:IPD:2b:4r:2m:none,-1,factory timeout,,,,,,,,,,,,,,,,,,,,,,
broadcast_bpf:IPD:2b:4r:0m:hamming,-1,factory timeout,,,,,,,,,,,,,,,,,,,,,,
broadcast_bpf:IPD:2b:4r:2m:hamming,-1,factory timeout,,,,,,,,,,,,,,,,,,,,,,
broadcast_bpf:IPD:2b:4r:4m:hamming,-1,factory timeout,,,,,,,,,,,,,,,,,,,,,,
