date,poi,inputsource,bitlength,rounding_factor,subchanneling,subchanneling_bits,ecc,multihashing,counter_total_packets_received,counter_poi_ignored_because_silence,counter_poi_valid_received,counter_matches,counter_data_bits_transmitted,mps,bps,counter_retries_received,script_start_time,duration,comment
2025-03-28T08:56:05.121342,broadcast_bpf,ISD,8,2,none,0,none,7,898,4,666,227,1816,32.66321377,261.3057101,0,1743148558,6.949714184,Version 3.3
2025-03-28T08:56:18.640138,broadcast_bpf,ISD,8,2,none,0,none,7,901,5,669,227,1816,31.25131422,250.0105138,0,1743148571,7.263694525,Version 3.3
2025-03-28T08:56:31.925231,broadcast_bpf,ISD,8,2,none,0,none,7,887,4,655,227,1816,32.17014418,257.3611534,0,1743148585,7.056231976,Version 3.3
2025-03-28T08:56:46.001561,broadcast_bpf,ISD,8,2,none,0,none,7,928,4,696,227,1816,29.69841678,237.5873342,0,1743148598,7.643505096,Version 3.3
2025-03-28T08:56:59.328246,broadcast_bpf,ISD,8,2,none,0,none,7,897,13,656,227,1816,31.7711114,254.1688912,0,1743148612,7.144855499,Version 3.3
2025-03-28T08:57:12.703102,broadcast_bpf,ISD,8,2,none,0,none,7,884,4,652,227,1816,31.77353515,254.1882812,0,1743148626,7.144310474,Version 3.3
2025-03-28T08:57:26.158924,broadcast_bpf,ISD,8,2,none,0,none,7,897,12,657,227,1816,31.26373305,250.1098644,0,1743148639,7.260809183,Version 3.3
2025-03-28T08:57:39.421507,broadcast_bpf,ISD,8,2,none,0,none,7,876,4,645,227,1816,32.25001739,258.0001391,0,1743148652,7.038755894,Version 3.3
2025-03-28T08:57:52.734485,broadcast_bpf,ISD,8,2,none,0,none,7,890,7,655,227,1816,31.83412061,254.6729649,0,1743148666,7.130713701,Version 3.3
2025-03-28T08:58:06.082644,broadcast_bpf,ISD,8,2,none,0,none,7,892,4,660,227,1816,31.77661468,254.2129174,0,1743148679,7.143618107,Version 3.3
2025-03-28T08:58:19.363403,broadcast_bpf,ISD,8,2,none,0,none,7,875,3,644,227,1816,32.2063791,257.6510328,0,1743148692,7.048293114,Version 3.3
2025-03-28T08:58:32.786004,broadcast_bpf,ISD,8,2,none,0,none,7,913,10,675,227,1816,31.47913651,251.833092,0,1743148706,7.211125374,Version 3.3
2025-03-28T08:58:46.032067,broadcast_bpf,ISD,8,2,none,0,none,7,915,4,683,227,1816,32.65202888,261.2162311,0,1743148719,6.952094793,Version 3.3
2025-03-28T08:58:58.982285,broadcast_bpf,ISD,8,2,none,0,none,7,911,11,672,227,1816,33.39098504,267.1278803,0,1743148732,6.798242092,Version 3.3
2025-03-28T08:59:11.906854,broadcast_bpf,ISD,8,2,none,0,none,7,889,3,658,227,1816,33.27544364,266.2035492,0,1743148745,6.821847439,Version 3.3
2025-03-28T08:59:25.374311,broadcast_bpf,ISD,8,2,none,0,none,7,930,5,697,227,1816,31.14118395,249.1294716,0,1743148758,7.289382458,Version 3.3
2025-03-28T08:59:38.231268,broadcast_bpf,ISD,8,2,none,0,none,7,885,6,653,227,1816,33.93188007,271.4550406,0,1743148772,6.689873934,Version 3.3
2025-03-28T08:59:51.523225,broadcast_bpf,ISD,8,2,none,0,none,7,933,7,698,227,1816,31.66584001,253.3267201,0,1743148784,7.168608189,Version 3.3
2025-03-28T09:00:04.538675,broadcast_bpf,ISD,8,2,none,0,none,7,931,16,687,227,1816,32.65055755,261.2044604,0,1743148798,6.952408075,Version 3.3
2025-03-28T09:00:18.012923,broadcast_bpf,ISD,8,2,none,0,none,7,927,4,695,227,1816,30.85826467,246.8661173,0,1743148811,7.356214046,Version 3.3
2025-03-28T09:00:31.004049,broadcast_bpf,ISD,8,2,none,0,none,7,905,6,671,227,1816,32.735303,261.882424,0,1743148824,6.934409618,Version 3.3
2025-03-28T09:00:43.801666,broadcast_bpf,ISD,8,2,none,0,none,7,887,7,652,227,1816,33.68152203,269.4521762,0,1743148837,6.73960042,Version 3.3
2025-03-28T09:00:56.609823,broadcast_bpf,ISD,8,2,none,0,none,7,885,11,647,227,1816,33.69935645,269.5948516,0,1743148850,6.736033678,Version 3.3
2025-03-28T09:01:09.711158,broadcast_bpf,ISD,8,2,none,0,none,7,928,6,694,227,1816,32.12984072,257.0387258,0,1743148863,7.065083265,Version 3.3
2025-03-28T09:01:38.847850,broadcast_bpf,ISD,8,1,none,0,none,7,1598,14,1356,227,1816,15.39187261,123.1349809,0,1743148884,14.74804306,Version 3.3
2025-03-28T09:01:59.786523,broadcast_bpf,ISD,8,1,none,0,none,7,1621,28,1365,227,1816,15.34621214,122.7696971,0,1743148905,14.79192376,Version 3.3
2025-03-28T09:02:20.829225,broadcast_bpf,ISD,8,1,none,0,none,7,1569,7,1334,227,1816,15.34579734,122.7663787,0,1743148926,14.79232359,Version 3.3
2025-03-28T09:02:41.934417,broadcast_bpf,ISD,8,1,none,0,none,7,1572,7,1337,227,1816,15.19928101,121.5942481,0,1743148947,14.93491697,Version 3.3
2025-03-28T09:03:02.987806,broadcast_bpf,ISD,8,1,none,0,none,7,1608,16,1365,227,1816,15.39264301,123.1411441,0,1743148968,14.74730492,Version 3.3
2025-03-28T09:03:23.852971,broadcast_bpf,ISD,8,1,none,0,none,7,1596,12,1356,227,1816,15.39097863,123.127829,0,1743148989,14.7488997,Version 3.3
2025-03-28T09:03:44.915554,broadcast_bpf,ISD,8,1,none,0,none,7,1570,9,1333,227,1816,15.26183664,122.0946931,0,1743149010,14.87370133,Version 3.3
2025-03-28T09:04:05.933151,broadcast_bpf,ISD,8,1,none,0,none,7,1571,8,1335,227,1816,15.28762608,122.3010087,0,1743149031,14.84861016,Version 3.3
2025-03-28T09:04:26.937776,broadcast_bpf,ISD,8,1,none,0,none,7,1579,9,1342,227,1816,15.37457522,122.9966017,0,1743149052,14.76463556,Version 3.3
2025-03-28T09:04:47.904347,broadcast_bpf,ISD,8,1,none,0,none,7,1585,7,1350,227,1816,15.39320494,123.1456395,0,1743149073,14.74676657,Version 3.3
2025-03-28T09:05:08.812398,broadcast_bpf,ISD,8,1,none,0,none,7,1640,31,1381,227,1816,15.44966407,123.5973126,0,1743149094,14.6928761,Version 3.3
2025-03-28T09:05:29.814135,broadcast_bpf,ISD,8,1,none,0,none,7,1555,7,1320,227,1816,15.35553483,122.8442787,0,1743149115,14.78294325,Version 3.3
2025-03-28T09:05:50.780793,broadcast_bpf,ISD,8,1,none,0,none,7,1570,8,1334,227,1816,15.32684638,122.6147711,0,1743149136,14.81061363,Version 3.3
2025-03-28T09:06:11.700067,broadcast_bpf,ISD,8,1,none,0,none,7,1528,7,1293,227,1816,15.3213182,122.5705456,0,1743149157,14.81595755,Version 3.3
2025-03-28T09:06:32.605010,broadcast_bpf,ISD,8,1,none,0,none,7,1555,12,1315,227,1816,15.36008384,122.8806707,0,1743149178,14.77856517,Version 3.3
2025-03-28T09:06:53.560744,broadcast_bpf,ISD,8,1,none,0,none,7,1621,23,1371,227,1816,15.33507946,122.6806357,0,1743149199,14.80266213,Version 3.3
2025-03-28T09:07:14.487180,broadcast_bpf,ISD,8,1,none,0,none,7,1652,8,1416,227,1816,15.40086249,123.2068999,0,1743149220,14.73943424,Version 3.3
2025-03-28T09:07:35.326069,broadcast_bpf,ISD,8,1,none,0,none,7,1688,29,1431,227,1816,15.40421734,123.2337387,0,1743149241,14.73622417,Version 3.3
2025-03-28T09:07:56.049603,broadcast_bpf,ISD,8,1,none,0,none,7,1633,10,1395,227,1816,15.47044785,123.7635828,0,1743149261,14.67313695,Version 3.3
2025-03-28T09:08:16.782701,broadcast_bpf,ISD,8,1,none,0,none,7,1650,16,1406,227,1816,15.46514016,123.7211212,0,1743149282,14.67817283,Version 3.3
2025-03-28T09:08:37.668378,broadcast_bpf,ISD,8,1,none,0,none,7,1633,8,1398,227,1816,15.40293169,123.2234535,0,1743149303,14.73745418,Version 3.3
2025-03-28T09:08:58.522800,broadcast_bpf,ISD,8,1,none,0,none,7,1653,15,1410,227,1816,15.40947831,123.2758265,0,1743149324,14.73119307,Version 3.3
2025-03-28T09:09:19.340225,broadcast_bpf,ISD,8,1,none,0,none,7,1630,7,1395,227,1816,15.40077306,123.2061845,0,1743149345,14.73951983,Version 3.3
2025-03-28T09:09:40.131586,broadcast_bpf,ISD,8,1,none,0,none,7,1657,7,1422,227,1816,15.45760829,123.6608663,0,1743149365,14.68532491,Version 3.3
2025-03-28T09:10:00.909463,broadcast_bpf,ISD,8,1,none,0,none,7,1711,24,1459,227,1816,15.42527104,123.4021683,0,1743149386,14.71611094,Version 3.3
2025-03-28T09:10:21.694173,broadcast_bpf,ISD,8,1,none,0,none,7,1660,9,1425,227,1816,15.52179996,124.1743997,0,1743149407,14.62459254,Version 3.3
2025-03-28T09:10:42.526434,broadcast_bpf,ISD,8,1,none,0,none,7,1654,9,1418,227,1816,15.41303053,123.3042442,0,1743149428,14.72779799,Version 3.3
2025-03-28T09:11:03.311743,broadcast_bpf,ISD,8,1,none,0,none,7,1667,14,1426,227,1816,15.45240144,123.6192115,0,1743149449,14.69027328,Version 3.3
2025-03-28T09:11:24.137407,broadcast_bpf,ISD,8,1,none,0,none,7,1681,14,1439,227,1816,15.3732605,122.986084,0,1743149469,14.76589823,Version 3.3
2025-03-28T09:11:45.039993,broadcast_bpf,ISD,8,1,none,0,none,7,1660,16,1416,227,1816,15.38120807,123.0496646,0,1743149490,14.75826859,Version 3.3
2025-03-28T09:12:05.896822,broadcast_bpf,ISD,8,1,none,0,none,7,1647,9,1410,227,1816,15.46891437,123.751315,0,1743149511,14.67459154,Version 3.3
2025-03-28T09:12:26.764429,broadcast_bpf,ISD,8,1,none,0,none,7,1638,11,1400,227,1816,15.36266808,122.9013447,0,1743149532,14.77607918,Version 3.3
2025-03-28T09:12:47.598531,broadcast_bpf,ISD,8,1,none,0,none,7,1650,8,1414,227,1816,15.45567616,123.6454093,0,1743149553,14.68716073,Version 3.3
2025-03-28T09:13:08.384077,broadcast_bpf,ISD,8,1,none,0,none,7,1665,26,1411,227,1816,15.43682693,123.4946155,0,1743149574,14.70509458,Version 3.3
2025-03-28T09:13:29.227400,broadcast_bpf,ISD,8,1,none,0,none,7,1649,9,1413,227,1816,15.40750708,123.2600567,0,1743149594,14.73307776,Version 3.3
2025-03-28T09:13:49.984590,broadcast_bpf,ISD,8,1,none,0,none,7,1654,7,1419,227,1816,15.49067567,123.9254054,0,1743149615,14.65397668,Version 3.3
2025-03-28T09:14:10.686543,broadcast_bpf,ISD,8,1,none,0,none,7,1645,10,1407,227,1816,15.53101603,124.2481282,0,1743149636,14.61591434,Version 3.3
2025-03-28T09:14:31.457789,broadcast_bpf,ISD,8,1,none,0,none,7,1646,11,1409,227,1816,15.44908874,123.5927099,0,1743149657,14.69342327,Version 3.3
2025-03-28T09:14:52.261648,broadcast_bpf,ISD,8,1,none,0,none,7,1671,18,1425,227,1816,15.4552918,123.6423344,0,1743149678,14.68752599,Version 3.3
2025-03-28T09:15:13.155030,broadcast_bpf,ISD,8,1,none,0,none,7,1696,15,1454,227,1816,15.45982531,123.6786025,0,1743149698,14.68321896,Version 3.3
2025-03-28T09:15:33.908241,broadcast_bpf,ISD,8,1,none,0,none,7,1651,8,1415,227,1816,15.49877768,123.9902214,0,1743149719,14.64631629,Version 3.3
2025-03-28T09:15:54.741251,broadcast_bpf,ISD,8,1,none,0,none,7,1655,9,1418,227,1816,15.38695313,123.0956251,0,1743149740,14.75275826,Version 3.3
2025-03-28T09:16:15.591132,broadcast_bpf,ISD,8,1,none,0,none,7,1654,10,1416,227,1816,15.41656792,123.3325433,0,1743149761,14.72441864,Version 3.3
2025-03-28T09:16:36.442910,broadcast_bpf,ISD,8,1,none,0,none,7,1659,10,1421,227,1816,15.42960391,123.4368313,0,1743149782,14.71197844,Version 3.3
2025-03-28T09:16:57.330946,broadcast_bpf,ISD,8,1,none,0,none,7,1661,8,1425,227,1816,15.35891159,122.8712927,0,1743149803,14.77969313,Version 3.3
2025-03-28T09:17:18.090825,broadcast_bpf,ISD,8,1,none,0,none,7,1662,7,1427,227,1816,15.4447369,123.5578952,0,1743149823,14.69756341,Version 3.3
2025-03-28T09:17:38.804998,broadcast_bpf,ISD,8,1,none,0,none,7,1706,21,1457,227,1816,15.51433745,124.1146996,0,1743149844,14.63162708,Version 3.3
2025-03-28T09:18:02.257727,broadcast_bpf,ISD,8,2,none,0,none,7,896,10,658,227,1816,31.51907405,252.1525924,0,1743149875,7.20198822,Version 3.3
2025-03-28T09:18:15.700024,broadcast_bpf,ISD,8,2,none,0,none,7,900,4,668,227,1816,31.20136217,249.6108973,0,1743149888,7.275323391,Version 3.3
2025-03-28T09:18:29.140396,broadcast_bpf,ISD,8,2,none,0,none,7,905,5,672,227,1816,31.17754599,249.4203679,0,1743149902,7.280880928,Version 3.3
2025-03-28T09:18:42.458084,broadcast_bpf,ISD,8,2,none,0,none,7,892,5,660,227,1816,31.86971838,254.957747,0,1743149915,7.122748852,Version 3.3
2025-03-28T09:18:56.098810,broadcast_bpf,ISD,8,2,none,0,none,7,890,4,658,227,1816,30.55902506,244.4722004,0,1743149929,7.428247452,Version 3.3
2025-03-28T09:19:09.572415,broadcast_bpf,ISD,8,2,none,0,none,7,898,6,664,227,1816,31.05260235,248.4208188,0,1743149942,7.310176373,Version 3.3
2025-03-28T09:19:22.757284,broadcast_bpf,ISD,8,2,none,0,none,7,892,4,660,227,1816,32.31126971,258.4901576,0,1743149956,7.02541256,Version 3.3
2025-03-28T09:19:36.083780,broadcast_bpf,ISD,8,2,none,0,none,7,898,6,664,227,1816,31.66908514,253.3526811,0,1743149969,7.167873621,Version 3.3
2025-03-28T09:19:49.451400,broadcast_bpf,ISD,8,2,none,0,none,7,885,4,653,227,1816,31.55100072,252.4080057,0,1743149982,7.19470048,Version 3.3
2025-03-28T09:20:02.912374,broadcast_bpf,ISD,8,2,none,0,none,7,894,4,662,227,1816,31.35497989,250.8398391,0,1743149996,7.239679337,Version 3.3
2025-03-28T09:20:16.480633,broadcast_bpf,ISD,8,2,none,0,none,7,895,4,663,227,1816,30.62804655,245.0243724,0,1743150009,7.411507607,Version 3.3
2025-03-28T09:20:29.628649,broadcast_bpf,ISD,8,2,none,0,none,7,864,5,631,227,1816,32.53724491,260.2979593,0,1743150023,6.976620197,Version 3.3
2025-03-28T09:20:42.753004,broadcast_bpf,ISD,8,2,none,0,none,7,881,4,649,227,1816,32.47798177,259.8238542,0,1743150036,6.989350557,Version 3.3
2025-03-28T09:20:56.092475,broadcast_bpf,ISD,8,2,none,0,none,7,872,3,641,227,1816,31.83497534,254.6798027,0,1743150049,7.130522251,Version 3.3
2025-03-28T09:21:09.350202,broadcast_bpf,ISD,8,2,none,0,none,7,920,13,680,227,1816,31.94583776,255.5667021,0,1743150062,7.105777025,Version 3.3
2025-03-28T09:21:22.754886,broadcast_bpf,ISD,8,2,none,0,none,7,901,13,661,227,1816,31.68810059,253.5048047,0,1743150076,7.163572311,Version 3.3
2025-03-28T09:21:36.256175,broadcast_bpf,ISD,8,2,none,0,none,7,879,3,648,227,1816,31.09459477,248.7567582,0,1743150089,7.300304174,Version 3.3
2025-03-28T09:21:49.685040,broadcast_bpf,ISD,8,2,none,0,none,7,892,3,661,227,1816,31.16830315,249.3464252,0,1743150102,7.283040047,Version 3.3
2025-03-28T09:22:03.272206,broadcast_bpf,ISD,8,2,none,0,none,7,905,4,673,227,1816,30.59851023,244.7880819,0,1743150116,7.418661833,Version 3.3
2025-03-28T09:22:16.651598,broadcast_bpf,ISD,8,2,none,0,none,7,879,4,647,227,1816,31.50323239,252.0258591,0,1743150129,7.205609798,Version 3.3
2025-03-28T09:22:29.947570,broadcast_bpf,ISD,8,2,none,0,none,7,884,5,651,227,1816,31.6612373,253.2898984,0,1743150143,7.169650316,Version 3.3
2025-03-28T09:22:43.177017,broadcast_bpf,ISD,8,2,none,0,none,7,865,5,633,227,1816,32.24488839,257.9591071,0,1743150156,7.039875507,Version 3.3
2025-03-28T09:22:56.280240,broadcast_bpf,ISD,8,2,none,0,none,7,889,8,653,227,1816,32.55908778,260.4727022,0,1743150169,6.971939802,Version 3.3
2025-03-28T09:23:09.736051,broadcast_bpf,ISD,8,2,none,0,none,7,903,9,666,227,1816,31.30618353,250.4494683,0,1743150182,7.250963688,Version 3.3
2025-03-28T09:23:22.891374,broadcast_bpf,ISD,8,2,none,0,none,7,855,5,622,227,1816,32.65169071,261.2135257,0,1743150196,6.952166796,Version 3.3
2025-03-28T09:23:36.016744,broadcast_bpf,ISD,8,2,none,0,none,7,886,3,655,227,1816,32.67737584,261.4190067,0,1743150209,6.946702242,Version 3.3
2025-03-28T09:23:49.438789,broadcast_bpf,ISD,8,2,none,0,none,7,895,4,663,227,1816,31.36535257,250.9228206,0,1743150222,7.237285137,Version 3.3
2025-03-28T09:24:02.934399,broadcast_bpf,ISD,8,2,none,0,none,7,883,4,651,227,1816,31.37825931,251.0260745,0,1743150236,7.234308243,Version 3.3
2025-03-28T09:24:16.438389,broadcast_bpf,ISD,8,2,none,0,none,7,908,5,676,227,1816,30.98292158,247.8633726,0,1743150249,7.326617002,Version 3.3
2025-03-28T09:24:29.954145,broadcast_bpf,ISD,8,2,none,0,none,7,910,14,668,227,1816,31.24738703,249.9790963,0,1743150263,7.26460743,Version 3.3
2025-03-28T09:24:43.414939,broadcast_bpf,ISD,8,2,none,0,none,7,906,5,674,227,1816,31.44811017,251.5848814,0,1743150276,7.218239784,Version 3.3
2025-03-28T09:24:56.740693,broadcast_bpf,ISD,8,2,none,0,none,7,896,5,663,227,1816,31.84670026,254.7736021,0,1743150290,7.127897024,Version 3.3
2025-03-28T09:25:09.748122,broadcast_bpf,ISD,8,2,none,0,none,7,865,10,628,227,1816,33.50774199,268.0619359,0,1743150303,6.774553776,Version 3.3
2025-03-28T09:25:23.272175,broadcast_bpf,ISD,8,2,none,0,none,7,910,5,677,227,1816,31.33862912,250.709033,0,1743150316,7.243456602,Version 3.3
2025-03-28T09:25:36.464988,broadcast_bpf,ISD,8,2,none,0,none,7,873,3,642,227,1816,32.62220716,260.9776573,0,1743150329,6.958450079,Version 3.3
2025-03-28T09:25:49.637944,broadcast_bpf,ISD,8,2,none,0,none,7,864,3,633,227,1816,32.61359948,260.9087958,0,1743150343,6.960286617,Version 3.3
2025-03-28T09:26:02.909961,broadcast_bpf,ISD,8,2,none,0,none,7,894,11,655,227,1816,31.97481205,255.7984964,0,1743150356,7.099338055,Version 3.3
2025-03-28T09:26:16.138811,broadcast_bpf,ISD,8,2,none,0,none,7,863,3,632,227,1816,32.11641892,256.9313513,0,1743150369,7.068035841,Version 3.3
2025-03-28T09:26:29.368852,broadcast_bpf,ISD,8,2,none,0,none,7,885,5,652,227,1816,32.21865726,257.7492581,0,1743150382,7.04560709,Version 3.3
2025-03-28T09:26:42.315538,broadcast_bpf,ISD,8,2,none,0,none,7,868,4,636,227,1816,33.42839018,267.4271214,0,1743150396,6.790635109,Version 3.3
2025-03-28T09:26:55.478888,broadcast_bpf,ISD,8,2,none,0,none,7,875,4,643,227,1816,32.36629634,258.9303708,0,1743150408,7.013468504,Version 3.3
2025-03-28T09:27:09.044023,broadcast_bpf,ISD,8,2,none,0,none,7,920,10,682,227,1816,30.75954246,246.0763397,0,1743150422,7.379823685,Version 3.3
2025-03-28T09:27:22.324592,broadcast_bpf,ISD,8,2,none,0,none,7,887,5,655,227,1816,32.03495132,256.2796105,0,1743150435,7.086010456,Version 3.3
2025-03-28T09:27:35.532102,broadcast_bpf,ISD,8,2,none,0,none,7,902,18,658,227,1816,32.41021161,259.2816929,0,1743150449,7.003965378,Version 3.3
2025-03-28T09:27:48.987981,broadcast_bpf,ISD,8,2,none,0,none,7,914,7,679,227,1816,31.01247672,248.0998138,0,1743150462,7.319634676,Version 3.3
2025-03-28T09:28:02.543461,broadcast_bpf,ISD,8,2,none,0,none,7,899,5,666,227,1816,30.80022338,246.401787,0,1743150475,7.370076418,Version 3.3
2025-03-28T09:28:16.027752,broadcast_bpf,ISD,8,2,none,0,none,7,888,3,657,227,1816,31.17327396,249.3861917,0,1743150489,7.28187871,Version 3.3
2025-03-28T09:28:29.344673,broadcast_bpf,ISD,8,2,none,0,none,7,885,5,652,227,1816,32.08513629,256.6810903,0,1743150502,7.074927092,Version 3.3
2025-03-28T09:28:42.479725,broadcast_bpf,ISD,8,2,none,0,none,7,865,4,633,227,1816,32.64956554,261.1965244,0,1743150516,6.952619314,Version 3.3
2025-03-28T09:28:56.112064,broadcast_bpf,ISD,8,2,none,0,none,7,906,4,674,227,1816,30.4797732,243.8381856,0,1743150529,7.447561979,Version 3.3
2025-03-28T09:29:09.580418,broadcast_bpf,ISD,8,2,none,0,none,7,894,10,656,227,1816,30.96111182,247.6888945,0,1743150542,7.331778049,Version 3.3
2025-03-28T09:29:23.069399,broadcast_bpf,ISD,8,2,none,0,none,7,895,9,659,227,1816,30.778667,246.229336,0,1743150556,7.37523818,Version 3.3
2025-03-28T09:29:36.395578,broadcast_bpf,ISD,8,2,none,0,none,7,872,4,641,227,1816,31.60966819,252.8773455,0,1743150569,7.181347132,Version 3.3
2025-03-28T09:29:49.859071,broadcast_bpf,ISD,8,2,none,0,none,7,884,3,651,227,1816,31.05881288,248.470503,0,1743150583,7.308714628,Version 3.3
2025-03-28T09:30:03.209651,broadcast_bpf,ISD,8,2,none,0,none,7,875,4,643,227,1816,31.89078072,255.1262458,0,1743150596,7.118044615,Version 3.3
2025-03-28T09:30:16.591311,broadcast_bpf,ISD,8,2,none,0,none,7,902,4,670,227,1816,31.2881582,250.3052656,0,1743150609,7.25514102,Version 3.3
2025-03-28T09:30:29.949080,broadcast_bpf,ISD,8,2,none,0,none,7,902,3,671,227,1816,31.61921985,252.9537588,0,1743150623,7.179177761,Version 3.3
2025-03-28T09:30:43.076991,broadcast_bpf,ISD,8,2,none,0,none,7,877,7,642,227,1816,32.72504612,261.800369,0,1743150636,6.936583042,Version 3.3
2025-03-28T09:30:56.334784,broadcast_bpf,ISD,8,2,none,0,none,7,898,18,653,227,1816,31.95154864,255.6123891,0,1743150649,7.104506969,Version 3.3
2025-03-28T09:31:09.406825,broadcast_bpf,ISD,8,2,none,0,none,7,892,10,654,227,1816,32.78965024,262.3172019,0,1743150662,6.922916174,Version 3.3
2025-03-28T09:31:23.031073,broadcast_bpf,ISD,8,2,none,0,none,7,903,4,671,227,1816,30.47761304,243.8209044,0,1743150676,7.448089838,Version 3.3
2025-03-28T09:31:36.393525,broadcast_bpf,ISD,8,2,none,0,none,7,889,3,658,227,1816,31.50092891,252.0074313,0,1743150689,7.206136703,Version 3.3
2025-03-28T09:31:49.735011,broadcast_bpf,ISD,8,2,none,0,none,7,886,3,655,227,1816,32.45004517,259.6003614,0,1743150703,6.995367765,Version 3.3
2025-03-28T09:32:03.020087,broadcast_bpf,ISD,8,2,none,0,none,7,884,5,651,227,1816,32.08975385,256.7180308,0,1743150716,7.073909044,Version 3.3
2025-03-28T09:32:16.640748,broadcast_bpf,ISD,8,2,none,0,none,7,904,5,672,227,1816,30.92806437,247.424515,0,1743150729,7.339612246,Version 3.3
2025-03-28T09:32:30.165530,broadcast_bpf,ISD,8,2,none,0,none,7,922,12,682,227,1816,30.99873463,247.9898771,0,1743150743,7.322879553,Version 3.3
2025-03-28T09:32:43.894943,broadcast_bpf,ISD,8,2,none,0,none,7,891,6,657,227,1816,30.68495555,245.4796444,0,1743150756,7.39776206,Version 3.3
2025-03-28T09:32:57.186506,broadcast_bpf,ISD,8,2,none,0,none,7,878,5,645,227,1816,31.81536332,254.5229065,0,1743150770,7.134917736,Version 3.3
2025-03-28T09:33:10.917956,broadcast_bpf,ISD,8,2,none,0,none,7,919,10,681,227,1816,29.83520621,238.6816497,0,1743150783,7.608460903,Version 3.3
2025-03-28T09:33:24.133428,broadcast_bpf,ISD,8,2,none,0,none,7,873,3,642,227,1816,32.29553443,258.3642754,0,1743150797,7.028835535,Version 3.3
2025-03-28T09:33:37.544705,broadcast_bpf,ISD,8,2,none,0,none,7,910,4,678,227,1816,31.43199524,251.455962,0,1743150810,7.221940517,Version 3.3
2025-03-28T09:33:51.005959,broadcast_bpf,ISD,8,2,none,0,none,7,900,4,668,227,1816,31.33640121,250.6912097,0,1743150824,7.243971586,Version 3.3
2025-03-28T09:34:04.335679,broadcast_bpf,ISD,8,2,none,0,none,7,873,3,642,227,1816,31.41248054,251.2998444,0,1743150837,7.226427078,Version 3.3
2025-03-28T09:34:17.714584,broadcast_bpf,ISD,8,2,none,0,none,7,898,4,666,227,1816,31.41359987,251.308799,0,1743150850,7.226169586,Version 3.3
2025-03-28T09:34:31.069388,broadcast_bpf,ISD,8,2,none,0,none,7,880,4,647,227,1816,31.71762652,253.7410122,0,1743150864,7.156903744,Version 3.3
2025-03-28T09:34:44.401282,broadcast_bpf,ISD,8,2,none,0,none,7,894,5,661,227,1816,31.80483433,254.4386747,0,1743150877,7.137279749,Version 3.3
2025-03-28T09:34:57.825209,broadcast_bpf,ISD,8,2,none,0,none,7,903,7,669,227,1816,31.39638761,251.1711008,0,1743150891,7.230131149,Version 3.3
2025-03-28T09:35:11.203794,broadcast_bpf,ISD,8,2,none,0,none,7,911,10,673,227,1816,31.73583077,253.8866462,0,1743150904,7.152798414,Version 3.3
2025-03-28T09:35:24.433299,broadcast_bpf,ISD,8,2,none,0,none,7,881,3,650,227,1816,32.182968,257.463744,0,1743150917,7.053420305,Version 3.3
2025-03-28T09:37:58.493407,broadcast_bpf,ISD,2,1,none,0,none,1,9157,86,8367,905,1810,7.563310415,15.12662083,0,1743150959,119.6565988,Version 3.3
2025-03-28T09:38:45.762577,broadcast_bpf,ISD,2,1,none,0,none,2,3093,13,2464,905,1810,22.07021621,44.14043242,0,1743151085,41.00548863,Version 3.3
2025-03-28T09:39:11.257602,broadcast_bpf,ISD,2,1,none,0,none,7,1387,18,905,905,1810,47.24098785,94.48197571,0,1743151132,19.15709305,Version 3.3
2025-03-28T09:39:51.153469,broadcast_bpf,ISPN,2,1,none,0,none,1,2531,13,1938,905,1810,26.87691274,53.75382549,0,1743151157,33.6720221,Version 3.3
2025-03-28T09:40:17.732004,broadcast_bpf,ISPN,2,1,none,0,none,2,1540,5,1024,905,1810,44.37423625,88.7484725,0,1743151197,20.39471722,Version 3.3
2025-03-28T09:40:43.364217,broadcast_bpf,ISPN,2,1,none,0,none,7,1387,13,905,905,1810,46.47212725,92.94425451,0,1743151224,19.4740386,Version 3.3
2025-03-28T09:43:17.499976,broadcast_bpf,timestamp,2,1,none,0,none,1,10674,93,9917,905,1810,6.118720557,12.23744111,0,1743151250,147.9067383,Version 3.3
2025-03-28T09:44:25.807597,broadcast_bpf,timestamp,2,1,none,0,none,2,4656,39,3959,905,1810,14.58423984,29.16847968,0,1743151404,62.0532856,Version 3.3
2025-03-28T09:44:51.868044,broadcast_bpf,timestamp,2,1,none,0,none,7,1383,7,905,905,1810,45.5298537,91.0597074,0,1743151472,19.87706804,Version 3.3
2025-03-28T09:45:28.819878,broadcast_bpf,ISD,2,2,none,0,none,1,2145,17,1592,905,1810,29.46664706,58.93329413,0,1743151498,30.71269011,Version 3.3
2025-03-28T09:46:00.780321,broadcast_bpf,ISD,2,2,none,0,none,2,1835,10,1308,905,1810,35.08167136,70.16334271,0,1743151535,25.79694653,Version 3.3
2025-03-28T09:46:26.572700,broadcast_bpf,ISD,2,2,none,0,none,7,1363,5,905,905,1810,46.11355669,92.22711338,0,1743151567,19.62546515,Version 3.3
2025-03-28T09:47:07.382375,broadcast_bpf,ISPN,2,2,none,0,none,1,2547,14,1938,905,1810,26.14977682,52.29955364,0,1743151593,34.60832596,Version 3.3
2025-03-28T09:47:35.366562,broadcast_bpf,ISPN,2,2,none,0,none,2,1532,12,1024,905,1810,41.61567592,83.23135184,0,1743151634,21.74661303,Version 3.3
2025-03-28T09:48:01.052435,broadcast_bpf,ISPN,2,2,none,0,none,7,1390,6,905,905,1810,46.43571832,92.87143665,0,1743151662,19.48930764,Version 3.3
2025-03-28T09:48:41.170846,broadcast_bpf,timestamp,2,2,none,0,none,1,2445,10,1886,905,1810,26.71683217,53.43366434,0,1743151687,33.87377644,Version 3.3
2025-03-28T09:49:13.206412,broadcast_bpf,timestamp,2,2,none,0,none,2,1850,7,1338,905,1810,34.97463434,69.94926868,0,1743151727,25.87589598,Version 3.3
2025-03-28T09:49:39.484547,broadcast_bpf,timestamp,2,2,none,0,none,7,1387,6,905,905,1810,45.03964873,90.07929746,0,1743151759,20.09340715,Version 3.3
2025-03-28T09:53:56.457403,broadcast_bpf,ISD,3,1,none,0,none,1,19949,156,19282,604,1812,2.40980393,7.229411789,0,1743151786,250.6427982,Version 3.3
2025-03-28T09:56:33.923103,broadcast_bpf,ISD,3,1,none,0,none,2,10594,80,10056,604,1812,3.993379617,11.98013885,0,1743152043,151.2503338,Version 3.3
2025-03-28T09:56:55.056248,broadcast_bpf,ISD,3,1,none,0,none,7,908,4,604,604,1812,41.03896452,123.1168936,0,1743152200,14.71772027,Version 3.3
2025-03-28T09:57:44.609116,broadcast_bpf,ISPN,3,1,none,0,none,1,3112,35,2652,604,1812,14.32715632,42.98146897,0,1743152222,42.15770292,Version 3.3
2025-03-28T09:58:16.065526,broadcast_bpf,ISPN,3,1,none,0,none,2,1604,11,1258,604,1812,24.05770149,72.17310448,0,1743152271,25.10630536,Version 3.3
2025-03-28T09:58:35.322580,broadcast_bpf,ISPN,3,1,none,0,none,7,933,18,604,604,1812,46.25009208,138.7502762,0,1743152302,13.05943346,Version 3.3
2025-03-28T10:02:26.855817,broadcast_bpf,timestamp,3,1,none,0,none,1,16831,121,16240,604,1812,2.680890222,8.042670666,0,1743152322,225.2982965,Version 3.3
2025-03-28T10:04:34.744738,broadcast_bpf,timestamp,3,1,none,0,none,2,9547,81,8946,604,1812,4.963822867,14.8914686,0,1743152553,121.6804097,Version 3.3
2025-03-28T10:04:53.775797,broadcast_bpf,timestamp,3,1,none,0,none,7,933,10,604,604,1812,47.34808494,142.0442548,0,1743152681,12.75658774,Version 3.3
2025-03-28T10:05:36.389350,broadcast_bpf,ISD,3,2,none,0,none,1,2849,15,2387,604,1812,16.60862776,49.82588328,0,1743152700,36.36664081,Version 3.3
2025-03-28T10:06:04.797919,broadcast_bpf,ISD,3,2,none,0,none,2,1722,14,1301,604,1812,27.18506841,81.55520523,0,1743152743,22.21807909,Version 3.3
2025-03-28T10:06:23.682915,broadcast_bpf,ISD,3,2,none,0,none,7,940,4,604,604,1812,47.67387374,143.0216212,0,1743152771,12.66941309,Version 3.3
2025-03-28T10:07:09.521667,broadcast_bpf,ISPN,3,2,none,0,none,1,3128,30,2652,604,1812,15.24687733,45.74063199,0,1743152790,39.61466908,Version 3.3
2025-03-28T10:07:37.165869,broadcast_bpf,ISPN,3,2,none,0,none,2,1658,15,1258,604,1812,28.15191162,84.45573486,0,1743152836,21.45502615,Version 3.3
2025-03-28T10:07:56.073676,broadcast_bpf,ISPN,3,2,none,0,none,7,939,9,604,604,1812,47.61504866,142.845146,0,1743152863,12.68506527,Version 3.3
2025-03-28T10:08:45.031614,broadcast_bpf,timestamp,3,2,none,0,none,1,3299,27,2814,604,1812,14.14380131,42.43140392,0,1743152882,42.70421982,Version 3.3
2025-03-28T10:09:19.135093,broadcast_bpf,timestamp,3,2,none,0,none,2,2134,12,1706,604,1812,21.64733566,64.94200699,0,1743152931,27.90181708,Version 3.3
2025-03-28T10:09:37.967385,broadcast_bpf,timestamp,3,2,none,0,none,7,937,3,604,604,1812,47.77029735,143.310892,0,1743152965,12.64384007,Version 3.3
2025-03-28T10:32:45.330605,broadcast_bpf,ISPN,8,1,none,0,none,2,23564,209,23164,227,1816,0.754396664,6.035173316,0,1743154064,300.902709,Version 3.3
2025-03-28T10:33:01.255693,broadcast_bpf,ISPN,8,1,none,0,none,7,763,4,598,227,1816,23.48111657,187.8489326,0,1743154372,9.667342663,Version 3.3
2025-03-28T10:45:55.563347,broadcast_bpf,timestamp,8,1,none,0,none,7,3559,34,3337,227,1816,4.733487302,37.86789841,0,1743155108,47.95618653,Version 3.3
2025-03-28T10:55:46.144180,broadcast_bpf,ISD,8,2,none,0,none,2,16296,123,15993,227,1816,1.012452151,8.099617208,0,1743155522,224.2081265,Version 3.3
2025-03-28T11:07:25.718440,broadcast_bpf,ISPN,8,2,none,0,none,2,23528,184,23164,227,1816,0.681340731,5.450725845,0,1743156113,333.1666372,Version 3.3
2025-03-28T11:07:42.914196,broadcast_bpf,ISPN,8,2,none,0,none,7,744,4,598,227,1816,20.93509248,167.4807398,0,1743156452,10.84303784,Version 3.3
2025-03-28T11:19:07.103498,broadcast_bpf,timestamp,8,2,none,0,none,2,21594,190,21234,227,1816,0.714231874,5.713854995,0,1743156829,317.8239563,Version 3.3
2025-03-28T11:19:25.168483,broadcast_bpf,timestamp,8,2,none,0,none,7,733,3,598,227,1816,19.65265013,157.221201,0,1743157154,11.55060506,Version 3.3
2025-03-28T11:31:52.078866,broadcast_bpf,IPD,2,0,none,0,none,4,1363,6,905,905,1810,44.48361214,88.96722428,0,1743157892,20.34457088,Version 3.3
2025-03-28T11:32:18.951656,broadcast_bpf,IPD,2,0,none,0,none,7,1365,6,905,905,1810,43.9158288,87.8316576,0,1743157918,20.60760379,Version 3.3
2025-03-28T12:14:44.043270,broadcast_bpf,IPD,2,0,none,0,hamming+,7,1392,6,905,905,1810,48.88582735,97.77165469,0,1743160466,18.51252294,Version 3.3
2025-03-28T12:27:08.453862,broadcast_bpf,IPD,2,0,none,0,inline-hamming+,4,1390,4,905,905,1810,49.71315179,99.42630358,0,1743161210,18.20443821,Version 3.3
2025-03-28T12:27:32.877858,broadcast_bpf,IPD,2,0,none,0,inline-hamming+,7,1365,12,905,905,1810,49.44840013,98.89680026,0,1743161235,18.30190659,Version 3.3
2025-03-28T12:38:50.416925,broadcast_bpf,ISD,2,0,none,0,none,2,30475,234,29345,905,1810,2.910379636,5.820759272,0,1743161619,310.9559965,Version 3.3
2025-03-28T12:39:12.191589,broadcast_bpf,ISD,2,0,none,0,none,4,1465,7,905,905,1810,58.22493819,116.4498764,0,1743161937,15.54316807,Version 3.3
2025-03-28T12:39:33.816205,broadcast_bpf,ISD,2,0,none,0,none,7,1466,4,905,905,1810,58.31306418,116.6261284,0,1743161958,15.51967835,Version 3.3
2025-03-28T12:53:37.853236,broadcast_bpf,ISD,2,0,none,0,hamming,4,11376,79,10460,905,1810,7.681589588,15.36317918,0,1743162700,117.8141568,Version 3.3
2025-03-28T12:54:01.003436,broadcast_bpf,ISD,2,0,none,0,hamming,7,1423,6,905,905,1810,53.31406982,106.6281396,0,1743162824,16.97488117,Version 3.3
2025-03-28T13:08:32.015738,broadcast_bpf,ISD,2,0,none,0,hamming+,4,13897,150,12915,905,1810,6.250913161,12.50182632,0,1743163567,144.778847,Version 3.3
2025-03-28T13:08:55.557953,broadcast_bpf,ISD,2,0,none,0,hamming+,7,1412,7,905,905,1810,52.15475199,104.309504,0,1743163718,17.35220599,Version 3.3
2025-03-28T13:21:18.000725,broadcast_bpf,ISD,2,0,none,0,inline-hamming+,4,1446,15,905,905,1810,55.78664764,111.5732953,0,1743164462,16.22251987,Version 3.3
2025-03-28T13:21:40.422932,broadcast_bpf,ISD,2,0,none,0,inline-hamming+,7,1441,5,905,905,1810,55.53882297,111.0776459,0,1743164484,16.29490781,Version 3.3
2025-03-28T13:34:03.158070,broadcast_bpf,ICD,2,0,none,0,none,4,1429,6,905,905,1810,56.12662352,112.253247,0,1743165227,16.12425518,Version 3.3
2025-03-28T13:34:25.520011,broadcast_bpf,ICD,2,0,none,0,none,7,1439,4,905,905,1810,55.71289755,111.4257951,0,1743165249,16.24399447,Version 3.3
2025-03-28T13:52:48.603504,broadcast_bpf,ICD,2,0,none,0,hamming,7,1415,10,905,905,1810,53.84149676,107.6829935,0,1743166352,16.80859661,Version 3.3
2025-03-28T14:05:19.693411,broadcast_bpf,ICD,2,0,none,0,hamming+,4,2234,16,1624,905,1810,36.35774825,72.7154965,0,1743167095,24.89153051,Version 3.3
2025-03-28T14:05:42.611848,broadcast_bpf,ICD,2,0,none,0,hamming+,7,1428,4,905,905,1810,53.84567684,107.6913537,0,1743167126,16.80729175,Version 3.3
2025-03-28T14:15:13.587887,broadcast_bpf,ICD,2,0,none,0,inline-hamming+,2,19968,158,18921,905,1810,4.418051101,8.836102203,0,1743167509,204.8414514,Version 3.3
2025-03-28T14:15:36.773601,broadcast_bpf,ICD,2,0,none,0,inline-hamming+,4,1412,13,905,905,1810,53.04700199,106.094004,0,1743167720,17.06034207,Version 3.3
2025-03-28T14:15:59.995291,broadcast_bpf,ICD,2,0,none,0,inline-hamming+,7,1414,6,905,905,1810,52.83251852,105.665037,0,1743167743,17.12960172,Version 3.3
2025-03-28T14:16:39.961550,broadcast_bpf,ISPN,2,0,none,0,none,0,3095,31,2390,905,1810,27.07153702,54.14307405,0,1743167767,33.42994523,Version 3.3
2025-03-28T14:17:04.207456,broadcast_bpf,ISPN,2,0,none,0,none,2,1566,10,1024,905,1810,49.88094866,99.76189732,0,1743167806,18.14319944,Version 3.3
2025-03-28T14:17:27.000229,broadcast_bpf,ISPN,2,0,none,0,none,4,1426,5,905,905,1810,54.29787381,108.5957476,0,1743167830,16.6673193,Version 3.3
2025-03-28T14:17:49.728272,broadcast_bpf,ISPN,2,0,none,0,none,7,1433,5,905,905,1810,54.40172827,108.8034565,0,1743167853,16.63550091,Version 3.3
2025-03-28T14:27:05.368181,broadcast_bpf,ISPN,2,0,none,0,hamming,2,18346,153,17331,905,1810,4.775935428,9.551870855,0,1743168236,189.4916742,Version 3.3
2025-03-28T14:27:59.202441,broadcast_bpf,ISPN,2,0,none,0,hamming,4,4366,54,3599,905,1810,18.97828001,37.95656001,0,1743168431,47.68609166,Version 3.3
2025-03-28T14:28:25.982003,broadcast_bpf,ISPN,2,0,none,0,hamming,7,1702,13,1157,905,1810,43.79496098,87.58992196,0,1743168485,20.66447783,Version 3.3
2025-03-28T14:30:19.204442,broadcast_bpf,ISPN,2,0,none,0,hamming+,0,10076,84,9175,905,1810,8.449264551,16.8985291,0,1743168512,107.1099141,Version 3.3
2025-03-28T14:30:51.023962,broadcast_bpf,ISPN,2,0,none,0,hamming+,2,2258,13,1639,905,1810,35.27295205,70.5459041,0,1743168625,25.65705299,Version 3.3
2025-03-28T14:31:14.371848,broadcast_bpf,ISPN,2,0,none,0,hamming+,4,1422,8,905,905,1810,52.54015029,105.0803006,0,1743168657,17.22492218,Version 3.3
2025-03-28T14:31:37.396239,broadcast_bpf,ISPN,2,0,none,0,hamming+,7,1417,5,905,905,1810,53.47710112,106.9542022,0,1743168680,16.92313123,Version 3.3
2025-03-28T14:32:26.498861,broadcast_bpf,ISPN,2,0,none,0,inline-hamming+,0,3676,18,2981,905,1810,21.04576702,42.09153405,0,1743168703,43.00152135,Version 3.3
2025-03-28T14:32:54.806527,broadcast_bpf,ISPN,2,0,none,0,inline-hamming+,2,1588,6,1111,905,1810,40.86919842,81.73839685,0,1743168753,22.14381576,Version 3.3
2025-03-28T14:33:18.601067,broadcast_bpf,ISPN,2,0,none,0,inline-hamming+,4,1401,6,905,905,1810,51.35011078,102.7002216,0,1743168781,17.62410998,Version 3.3
2025-03-28T14:33:42.136868,broadcast_bpf,ISPN,2,0,none,0,inline-hamming+,7,1408,14,905,905,1810,52.02417266,104.0483453,0,1743168805,17.39575958,Version 3.3
2025-03-28T14:46:05.204718,broadcast_bpf,timestamp,2,0,none,0,none,4,1431,4,905,905,1810,55.19340487,110.3868097,0,1743169549,16.39688659,Version 3.3
2025-03-28T14:46:28.047628,broadcast_bpf,timestamp,2,0,none,0,none,7,1431,5,905,905,1810,54.15565555,108.3113111,0,1743169571,16.71108937,Version 3.3
2025-03-28T15:04:52.930698,broadcast_bpf,timestamp,2,0,none,0,hamming,7,1595,6,1092,905,1810,48.62248917,97.24497834,0,1743170674,18.61278629,Version 3.3
2025-03-28T15:17:30.494961,broadcast_bpf,timestamp,2,0,none,0,hamming+,4,2863,14,2248,905,1810,28.86212943,57.72425887,0,1743171419,31.35596776,Version 3.3
2025-03-28T15:17:53.532077,broadcast_bpf,timestamp,2,0,none,0,hamming+,7,1419,5,905,905,1810,53.47727441,106.9545488,0,1743171457,16.92307639,Version 3.3
2025-03-28T15:27:08.745575,broadcast_bpf,timestamp,2,0,none,0,inline-hamming+,2,18461,132,17442,905,1810,4.78748254,9.57496508,0,1743171840,189.034632,Version 3.3
2025-03-28T15:27:32.250745,broadcast_bpf,timestamp,2,0,none,0,inline-hamming+,4,1411,28,905,905,1810,52.08390527,104.1678105,0,1743172035,17.37580919,Version 3.3
2025-03-28T15:27:55.513305,broadcast_bpf,timestamp,2,0,none,0,inline-hamming+,7,1409,5,905,905,1810,52.78804745,105.5760949,0,1743172058,17.14403248,Version 3.3
2025-03-28T15:40:19.272948,all,IPD,2,0,none,0,none,4,1412,13,905,905,1810,52.86750831,105.7350166,0,1743172802,17.11826468,Version 3.3
2025-03-28T15:40:42.696252,all,IPD,2,0,none,0,none,7,1418,25,905,905,1810,52.24597876,104.4919575,0,1743172825,17.32190728,Version 3.3
2025-03-28T16:24:23.547188,all,IPD,2,0,none,0,hamming+,7,914,4,905,905,1810,89.6434266,179.2868532,0,1743175370,10.0955534,Version 3.3
2025-03-28T16:46:08.883499,all,IPD,2,0,none,0,inline-hamming+,4,907,0,905,905,1810,65.77843989,131.5568798,0,1743176450,13.75830746,Version 3.3
2025-03-28T16:49:05.867137,all,IPD,2,0,none,0,inline-hamming+,7,908,1,905,905,1810,65.88425608,131.7685122,0,1743176810,13.73621035,Version 3.3
2025-03-28T17:08:56.046253,all,ISD,2,0,none,0,none,4,2284,471,905,905,1810,3.692660448,7.385320896,0,1743177890,245.0807521,Version 3.3
2025-03-28T17:34:04.913882,all,ISD,2,0,none,0,hamming,7,907,0,905,905,1810,70.79517453,141.5903491,0,1743179583,12.78335714,Version 3.3
2025-03-28T18:12:21.302741,all,ISD,2,0,none,0,hamming+,7,2266,448,905,905,1810,3.015886231,6.031772463,0,1743181640,300.0776324,Version 3.3
2025-03-28T18:29:10.439427,all,ISD,2,0,none,0,inline-hamming+,4,2286,472,905,905,1810,3.199039041,6.398078082,0,1743182667,282.897454,Version 3.3
2025-03-28T18:31:05.510284,all,ISD,2,0,none,0,inline-hamming+,7,2183,565,905,905,1810,8.327577878,16.65515576,0,1743182956,108.6750569,Version 3.3
2025-03-28T18:46:03.559425,all,ICD,2,0,none,0,none,4,2181,527,905,905,1810,5.280736888,10.56147378,0,1743183792,171.3775973,Version 3.3
2025-03-28T18:48:59.751207,all,ICD,2,0,none,0,none,7,2293,520,905,905,1810,5.357078243,10.71415649,0,1743183970,168.9353709,Version 3.3
2025-03-28T19:30:58.996454,all,ICD,2,0,none,0,hamming+,4,2959,751,1371,905,1810,2.575210445,5.150420889,0,1743186306,351.4275899,Version 3.3
2025-03-28T19:34:13.436902,all,ICD,2,0,none,0,hamming+,7,2347,535,905,905,1810,4.820213403,9.640426805,0,1743186665,187.7510235,Version 3.3
2025-03-28T19:49:13.582545,all,ICD,2,0,none,0,inline-hamming+,4,2356,548,905,905,1810,5.214925478,10.42985096,0,1743187580,173.5403514,Version 3.3
2025-03-28T20:05:26.413238,all,ISPN,2,0,none,0,none,2,2515,583,1024,905,1810,3.677675881,7.355351762,0,1743188480,246.0793254,Version 3.3
2025-03-28T20:08:32.475806,all,ISPN,2,0,none,0,none,4,2053,666,905,905,1810,5.082539389,10.16507878,0,1743188733,178.0605974,Version 3.3
2025-03-28T20:14:14.616645,all,ISPN,2,0,none,0,none,7,2255,443,905,905,1810,2.708488093,5.416976186,0,1743188919,334.134753,Version 3.3
2025-03-28T20:36:20.451944,all,ISPN,2,0,none,0,hamming,7,2706,662,1157,905,1810,3.779074784,7.558149568,0,1743190341,239.4766052,Version 3.3
2025-03-28T22:39:48.957832,broadcast_bpf,ISD,8,0,none,0,none,7,1526,572,726,227,1816,0.288836101,2.31068881,0,1743197201,785.9128377,Version 3.3
2025-03-28T22:53:22.461877,broadcast_bpf,ISD,8,0,none,0,none,7,1534,575,732,227,1816,0.28191726,2.255338079,0,1743197995,805.2007887,Version 3.3
2025-03-28T23:07:15.742178,broadcast_bpf,ISD,8,0,none,0,none,7,1521,570,723,227,1816,0.27473821,2.197905677,0,1743198809,826.2410979,Version 3.3
2025-03-28T23:20:13.993375,broadcast_bpf,ISD,8,0,none,0,none,7,1514,566,724,227,1816,0.294229667,2.353837335,0,1743199642,771.5061584,Version 3.3
2025-03-28T23:33:34.858504,broadcast_bpf,ISD,8,0,none,0,none,7,1477,548,701,227,1816,0.286304383,2.290435061,0,1743200420,792.8624701,Version 3.3
2025-03-28T23:46:36.522599,broadcast_bpf,ISD,8,0,none,0,none,7,1479,546,706,227,1816,0.293183037,2.345464297,0,1743201221,774.2603469,Version 3.3
2025-03-28T23:59:25.497991,broadcast_bpf,ISD,8,0,none,0,none,7,1495,548,720,227,1816,0.298302316,2.386418528,0,1743202003,760.9729722,Version 3.3
2025-03-29T00:12:47.005175,broadcast_bpf,ISD,8,0,none,0,none,7,1517,569,723,227,1816,0.285803619,2.286428952,0,1743202772,794.2516642,Version 3.3
2025-03-29T00:26:12.194384,broadcast_bpf,ISD,8,0,none,0,none,7,1485,558,699,227,1816,0.284751563,2.278012505,0,1743203573,797.186142,Version 3.3
2025-03-29T00:39:12.367674,broadcast_bpf,ISD,8,0,none,0,none,7,1492,553,711,227,1816,0.293619331,2.348954649,0,1743204379,773.1098599,Version 3.3
2025-03-29T00:52:37.756363,broadcast_bpf,ISD,8,0,none,0,none,7,1553,580,744,227,1816,0.284366881,2.274935045,0,1743205159,798.26455,Version 3.3
2025-03-29T01:06:35.466852,broadcast_bpf,ISD,8,0,none,0,none,7,1518,563,728,227,1816,0.273590109,2.188720873,0,1743205964,829.7083571,Version 3.3
2025-03-29T01:20:08.299052,broadcast_bpf,ISD,8,0,none,0,none,7,1516,567,720,227,1816,0.281552664,2.252421311,0,1743206802,806.2434816,Version 3.3
2025-03-29T01:33:12.542016,broadcast_bpf,ISD,8,0,none,0,none,7,1437,533,676,227,1816,0.292288539,2.338308311,0,1743207615,776.6298358,Version 3.3
2025-03-29T01:46:21.327307,broadcast_bpf,ISD,8,0,none,0,none,7,1501,558,715,227,1816,0.290195825,2.321566604,0,1743208399,782.2304115,Version 3.3
2025-03-29T01:59:23.013161,broadcast_bpf,ISD,8,0,none,0,none,7,1492,547,717,227,1816,0.293200578,2.345604623,0,1743209188,774.2140267,Version 3.3
2025-03-29T02:12:35.257805,broadcast_bpf,ISD,8,0,none,0,none,7,1450,543,682,227,1816,0.289451594,2.315612756,0,1743209969,784.2416637,Version 3.3
2025-03-29T02:26:15.507865,broadcast_bpf,ISD,8,0,none,0,none,7,1543,577,738,227,1816,0.279471279,2.235770231,0,1743210762,812.2480452,Version 3.3
2025-03-29T02:39:17.312520,broadcast_bpf,ISD,8,0,none,0,none,7,1502,567,710,227,1816,0.293077063,2.344616505,0,1743211582,774.5403123,Version 3.3
2025-03-29T02:52:20.001002,broadcast_bpf,ISD,8,0,none,0,none,7,1717,641,848,227,1816,0.292436126,2.339489007,0,1743212364,776.2378855,Version 3.3
2025-03-29T03:05:22.841150,broadcast_bpf,ISD,8,0,none,0,none,7,1584,576,781,227,1816,0.292964449,2.343715596,0,1743213146,774.8380406,Version 3.3
2025-03-29T03:18:58.543908,broadcast_bpf,ISD,8,0,none,0,none,7,1664,630,808,227,1816,0.280739538,2.245916307,0,1743213929,808.5786607,Version 3.3
2025-03-29T03:32:16.786074,broadcast_bpf,ISD,8,0,none,0,none,7,1563,582,754,227,1816,0.287254761,2.298038091,0,1743214745,790.2392948,Version 3.3
2025-03-29T03:45:13.030435,broadcast_bpf,ISD,8,0,none,0,none,7,1488,554,705,227,1816,0.295480999,2.363847995,0,1743215543,768.2389071,Version 3.3
2025-03-29T03:57:52.946265,broadcast_bpf,ISD,8,0,none,0,none,7,1607,591,788,227,1816,0.301896345,2.415170759,0,1743216319,751.9137075,Version 3.3
2025-03-29T04:11:30.913386,broadcast_bpf,ISD,8,0,none,0,none,7,1553,590,735,227,1816,0.280371663,2.242973303,0,1743217079,809.6395965,Version 3.3
2025-03-29T04:24:47.794613,broadcast_bpf,ISD,8,0,none,0,none,7,1495,559,708,227,1816,0.287246328,2.297970627,0,1743217897,790.2624946,Version 3.3
2025-03-29T04:38:14.047278,broadcast_bpf,ISD,8,0,none,0,none,7,1570,593,749,227,1816,0.283995211,2.271961686,0,1743218694,799.3092537,Version 3.3
2025-03-29T04:51:32.270434,broadcast_bpf,ISD,8,0,none,0,none,7,1491,553,710,227,1816,0.287261476,2.29809181,0,1743219500,790.2208223,Version 3.3
2025-03-29T05:04:10.478614,broadcast_bpf,ISD,8,0,none,0,none,7,1508,567,720,227,1816,0.30258381,2.420670484,0,1743220299,750.2053716,Version 3.3
2025-03-29T05:17:54.737485,broadcast_bpf,ISD,8,0,none,0,none,7,1555,585,742,227,1816,0.278098774,2.22479019,0,1743221057,816.2567456,Version 3.3
2025-03-29T05:31:26.996333,broadcast_bpf,ISD,8,0,none,0,none,7,1521,567,725,227,1816,0.282247855,2.257982841,0,1743221881,804.2576618,Version 3.3
2025-03-29T05:45:07.257195,broadcast_bpf,ISD,8,0,none,0,none,7,1508,563,716,227,1816,0.279467283,2.235738267,0,1743222693,812.2596579,Version 3.3
2025-03-29T05:58:55.508678,broadcast_bpf,ISD,8,0,none,0,none,7,1590,601,762,227,1816,0.276744986,2.213959887,0,1743223514,820.2497301,Version 3.3
2025-03-29T06:12:21.113858,broadcast_bpf,ISD,8,0,none,0,none,7,1569,586,751,227,1816,0.284319217,2.274553732,0,1743224342,798.3983734,Version 3.3
2025-03-29T06:25:33.988220,broadcast_bpf,ISD,8,0,none,0,none,7,1470,542,700,227,1816,0.288674683,2.309397467,0,1743225148,786.3522959,Version 3.3
2025-03-29T06:38:44.245054,broadcast_bpf,ISD,8,0,none,0,none,7,1567,587,754,227,1816,0.290187458,2.321499661,0,1743225940,782.2529681,Version 3.3
2025-03-29T06:52:17.997694,broadcast_bpf,ISD,8,0,none,0,none,7,1529,569,731,227,1816,0.281725665,2.253805324,0,1743226731,805.7483852,Version 3.3
2025-03-29T07:06:10.763640,broadcast_bpf,ISD,8,0,none,0,none,7,1584,600,755,227,1816,0.274732112,2.197856897,0,1743227544,826.2594361,Version 3.3
2025-03-29T07:25:35.793439,broadcast_bpf,ISD,8,0,none,0,none,7,1596,583,786,227,1816,0.297544166,2.380353324,0,1743228772,762.9119515,Version 3.3
2025-03-29T07:38:25.357367,broadcast_bpf,ISD,8,0,none,0,none,7,1596,602,767,227,1816,0.297804339,2.382434716,0,1743229542,762.2454407,Version 3.3
2025-03-29T07:51:45.608777,broadcast_bpf,ISD,8,0,none,0,none,7,1737,664,846,227,1816,0.286525897,2.292207179,0,1743230311,792.2495036,Version 3.3
2025-03-29T08:04:39.854017,broadcast_bpf,ISD,8,0,none,0,none,7,1518,562,728,227,1816,0.296170149,2.369361189,0,1743231112,766.4513154,Version 3.3
2025-03-29T08:17:14.097979,broadcast_bpf,ISD,8,0,none,0,none,7,1565,582,756,227,1816,0.304191257,2.433530055,0,1743231886,746.2410402,Version 3.3
2025-03-29T08:30:28.331678,broadcast_bpf,ISD,8,0,none,0,none,7,1618,608,782,227,1816,0.288133315,2.305066518,0,1743232640,787.8297591,Version 3.3
2025-03-29T08:43:04.574897,broadcast_bpf,ISD,8,0,none,0,none,7,1617,609,781,227,1816,0.302826758,2.422614063,0,1743233434,749.603508,Version 3.3
2025-03-29T08:56:49.586393,broadcast_bpf,ISD,8,0,none,0,none,7,1662,629,805,227,1816,0.277842477,2.222739815,0,1743234191,817.0097048,Version 3.3
2025-03-29T09:09:53.087246,broadcast_bpf,ISD,8,0,none,0,none,7,1679,632,819,227,1816,0.292258818,2.338070544,0,1743235016,776.7088141,Version 3.3
2025-03-29T09:22:51.919600,broadcast_bpf,ISD,8,0,none,0,none,7,1594,598,770,227,1816,0.293899996,2.351199971,0,1743235799,772.3715646,Version 3.3
2025-03-29T09:35:50.532183,broadcast_bpf,ISD,8,0,none,0,none,7,1557,588,743,227,1816,0.29434599,2.354767916,0,1743236578,771.2012668,Version 3.3
2025-03-29T09:48:18.047149,broadcast_bpf,ISD,8,0,none,0,none,7,1621,619,775,227,1816,0.306199446,2.449595564,0,1743237357,741.3468683,Version 3.3
2025-03-29T10:00:51.262157,broadcast_bpf,ISD,8,0,none,0,none,7,1611,610,776,227,1816,0.304611254,2.436890031,0,1743238104,745.2121258,Version 3.3
2025-03-29T10:13:46.875502,broadcast_bpf,ISD,8,0,none,0,none,7,1560,588,742,227,1816,0.295211881,2.361695048,0,1743238857,768.9392419,Version 3.3
2025-03-29T10:26:40.953393,broadcast_bpf,ISD,8,0,none,0,none,7,1690,637,825,227,1816,0.29618542,2.369483358,0,1743239633,766.4117978,Version 3.3
2025-03-29T10:39:49.050201,broadcast_bpf,ISD,8,0,none,0,none,7,1536,583,727,227,1816,0.290937295,2.327498364,0,1743240407,780.2368536,Version 3.3
2025-03-29T10:53:19.822961,broadcast_bpf,ISD,8,0,none,0,none,7,1550,581,740,227,1816,0.282770201,2.262161605,0,1743241195,802.7720017,Version 3.3
2025-03-29T11:06:06.822398,broadcast_bpf,ISD,8,0,none,0,none,7,1621,585,809,227,1816,0.298867991,2.390943929,0,1743242006,759.5326591,Version 3.3
2025-03-29T11:19:30.715415,broadcast_bpf,ISD,8,0,none,0,none,7,1573,586,759,227,1816,0.28474769,2.277981521,0,1743242773,797.1969848,Version 3.3
2025-03-29T11:33:52.082993,broadcast_bpf,ISD,8,0,none,0,none,7,1590,593,769,227,1816,0.265722029,2.125776233,0,1743243577,854.27618,Version 3.3
2025-03-29T11:47:46.355537,broadcast_bpf,ISD,8,0,none,0,none,7,1563,578,758,227,1816,0.274728405,2.197827237,0,1743244438,826.2705863,Version 3.3
2025-03-29T12:01:06.633078,broadcast_bpf,ISD,8,0,none,0,none,7,1522,571,724,227,1816,0.285965336,2.287722687,0,1743245272,793.8025053,Version 3.3
2025-03-29T12:14:46.897433,broadcast_bpf,ISD,8,0,none,0,none,7,1562,584,749,227,1816,0.27946601,2.235728081,0,1743246073,812.2633586,Version 3.3
2025-03-29T12:27:19.940788,broadcast_bpf,ISD,8,0,none,0,none,7,1473,541,705,227,1816,0.304531076,2.436248609,0,1743246893,745.4083271,Version 3.3
2025-03-29T12:39:49.961152,broadcast_bpf,ISD,8,0,none,0,none,7,1508,548,733,227,1816,0.30558491,2.444679282,0,1743247646,742.8377266,Version 3.3
2025-03-29T12:53:52.128930,broadcast_bpf,ISD,8,0,none,0,none,7,1570,589,752,227,1816,0.271927108,2.175416868,0,1743248396,834.7825315,Version 3.3
2025-03-29T13:06:27.858966,broadcast_bpf,ISD,8,0,none,0,none,7,1449,537,683,227,1816,0.303380419,2.42704335,0,1743249238,748.2355022,Version 3.3
2025-03-29T13:19:12.456990,broadcast_bpf,ISD,8,0,none,0,none,7,1664,622,813,227,1816,0.300027455,2.400219644,0,1743249994,756.5974243,Version 3.3
2025-03-29T13:31:38.343785,broadcast_bpf,ISD,8,0,none,0,none,7,1750,646,879,227,1816,0.307047721,2.456381766,0,1743250759,739.2987626,Version 3.3
2025-03-29T13:44:22.212117,broadcast_bpf,ISD,8,0,none,0,none,7,1455,527,700,227,1816,0.300317867,2.402542936,0,1743251504,755.8657839,Version 3.3
2025-03-29T13:57:15.100238,broadcast_bpf,ISD,8,0,none,0,none,7,1495,545,722,227,1816,0.296138185,2.369105477,0,1743252268,766.5340433,Version 3.3
2025-03-29T14:10:57.124019,broadcast_bpf,ISD,8,0,none,0,none,7,1645,611,804,227,1816,0.27838124,2.227049924,0,1743253041,815.4285095,Version 3.3
2025-03-29T14:23:38.662494,broadcast_bpf,ISD,8,0,none,0,none,7,1497,555,713,227,1816,0.301247011,2.409976085,0,1743253863,753.5344484,Version 3.3
2025-03-29T14:35:53.619826,broadcast_bpf,ISD,8,0,none,0,none,7,1468,534,707,227,1816,0.311707826,2.493662607,0,1743254625,728.2460725,Version 3.3
2025-03-29T14:49:03.831509,broadcast_bpf,ISD,8,0,none,0,none,7,1541,561,751,227,1816,0.290203589,2.321628715,0,1743255360,782.2094843,Version 3.3
2025-03-29T15:01:46.777576,broadcast_bpf,ISD,8,0,none,0,none,7,1615,598,790,227,1816,0.300684011,2.405472085,0,1743256150,754.9453645,Version 3.3
2025-03-29T15:14:45.005312,broadcast_bpf,ISD,8,0,none,0,none,7,1510,535,749,227,1816,0.294446349,2.355570791,0,1743256913,770.9384098,Version 3.3
2025-03-29T15:28:54.576111,broadcast_bpf,ISD,8,0,none,0,none,7,1640,602,809,227,1816,0.269504765,2.156038117,0,1743257691,842.2856655,Version 3.3
2025-03-29T15:42:22.404305,broadcast_bpf,ISD,8,0,none,0,none,7,1530,563,738,227,1816,0.283810985,2.270487878,0,1743258541,799.8280976,Version 3.3
2025-03-29T15:55:19.058755,broadcast_bpf,ISD,8,0,none,0,none,7,1571,546,796,227,1816,0.294717653,2.357741228,0,1743259349,770.2287166,Version 3.3
2025-03-29T16:08:11.827549,broadcast_bpf,ISD,8,0,none,0,none,7,1522,564,731,227,1816,0.296822556,2.374580447,0,1743260125,764.7666781,Version 3.3
2025-03-29T16:21:09.498411,broadcast_bpf,ISD,8,0,none,0,none,7,1521,561,733,227,1816,0.294547659,2.356381269,0,1743260898,770.6732454,Version 3.3
2025-03-29T16:34:51.744655,broadcast_bpf,ISD,8,0,none,0,none,7,1502,559,715,227,1816,0.278786072,2.230288575,0,1743261676,814.2444079,Version 3.3
2025-03-29T16:48:01.985276,broadcast_bpf,ISD,8,0,none,0,none,7,1569,575,766,227,1816,0.290193604,2.321548829,0,1743262498,782.2364006,Version 3.3
2025-03-29T17:01:08.761015,broadcast_bpf,ISD,8,0,none,0,none,7,1617,565,827,227,1816,0.290784213,2.326273706,0,1743263288,780.6476064,Version 3.3
2025-03-29T17:12:52.419980,broadcast_bpf,ISD,8,0,none,0,none,7,1707,562,916,227,1816,0.326047976,2.608383809,0,1743264075,696.2165589,Version 3.3
2025-03-29T17:25:23.826786,broadcast_bpf,ISD,8,0,none,0,none,7,1715,625,862,227,1816,0.304998645,2.439989159,0,1743264779,744.2656019,Version 3.3
2025-03-29T17:37:04.900101,broadcast_bpf,ISD,8,0,none,0,none,7,1703,597,881,227,1816,0.326831345,2.614650764,0,1743265530,694.5478246,Version 3.3
2025-03-29T17:50:17.829903,broadcast_bpf,ISD,8,0,none,0,none,7,1798,660,910,227,1816,0.289196881,2.313575051,0,1743266231,784.9323926,Version 3.3
2025-03-29T18:02:48.322794,broadcast_bpf,ISD,8,0,none,0,none,7,1676,612,838,227,1816,0.305312872,2.442502974,0,1743267024,743.4996064,Version 3.3
2025-03-29T18:16:21.652301,broadcast_bpf,ISD,8,0,none,0,none,7,1660,620,811,227,1816,0.281544316,2.252354525,0,1743267774,806.2673881,Version 3.3
2025-03-29T18:29:23.892339,broadcast_bpf,ISD,8,0,none,0,none,7,1524,575,723,227,1816,0.293192548,2.345540387,0,1743268588,774.2352295,Version 3.3
2025-03-29T18:42:04.160829,broadcast_bpf,ISD,8,0,none,0,none,7,1626,603,796,227,1816,0.301228528,2.409828223,0,1743269370,753.5806837,Version 3.3
2025-03-29T18:55:24.423547,broadcast_bpf,ISD,8,0,none,0,none,7,1537,565,743,227,1816,0.286522069,2.292176554,0,1743270130,792.2600887,Version 3.3
2025-03-29T19:09:01.525948,broadcast_bpf,ISD,8,0,none,0,none,7,1568,591,748,227,1816,0.280558424,2.244467396,0,1743270930,809.1006372,Version 3.3
2025-03-29T19:32:23.084620,broadcast_bpf,ISD,8,0,none,0,none,7,1552,586,739,227,1816,0.285089901,2.280719212,0,1743272346,796.2400591,Version 3.3
2025-03-29T19:44:38.621575,broadcast_bpf,ISD,8,0,none,0,none,7,1604,507,868,227,1816,0.312012294,2.496098349,0,1743273149,727.5354357,Version 3.3
2025-03-29T19:57:19.560787,broadcast_bpf,ISD,8,0,none,0,none,7,1521,570,726,227,1816,0.300966149,2.407729194,0,1743273885,754.2376461,Version 3.3
2025-03-29T20:10:27.820691,broadcast_bpf,ISD,8,0,none,0,none,7,1577,595,754,227,1816,0.29025715,2.322057197,0,1743274646,782.0651457,Version 3.3
2025-03-29T20:23:46.750016,broadcast_bpf,ISD,8,0,none,0,none,7,1534,578,730,227,1816,0.2870047,2.296037599,0,1743275434,790.9278145,Version 3.3
2025-03-29T20:37:30.351240,broadcast_bpf,ISD,8,0,none,0,none,7,1571,585,758,227,1816,0.277663724,2.221309792,0,1743276233,817.5356748,Version 3.3
2025-03-29T20:50:18.587354,broadcast_bpf,ISD,8,0,none,0,none,7,1578,554,795,227,1816,0.298591844,2.38873475,0,1743277056,760.2350993,Version 3.3
2025-03-29T21:03:51.115746,broadcast_bpf,ISD,8,0,none,0,none,7,1603,586,788,227,1816,0.282153651,2.25722921,0,1743277825,804.5261829,Version 3.3
2025-03-29T21:15:59.027391,broadcast_bpf,ISD,8,0,none,0,none,7,1555,576,754,227,1816,0.315185914,2.521487315,0,1743278637,720.2098496,Version 3.3
2025-03-29T21:29:27.301014,broadcast_bpf,ISD,8,0,none,0,none,7,1652,627,797,227,1816,0.283654543,2.269236346,0,1743279365,800.2692199,Version 3.3
2025-03-29T21:43:15.556378,broadcast_bpf,ISD,8,0,none,0,none,7,1559,583,747,227,1816,0.276743584,2.213948671,0,1743280173,820.2538855,Version 3.3
2025-03-29T21:56:00.202347,broadcast_bpf,ISD,8,0,none,0,none,7,1465,514,724,227,1816,0.299765362,2.398122892,0,1743281002,757.2589402,Version 3.3
2025-03-29T22:08:12.004588,broadcast_bpf,ISD,8,0,none,0,none,7,1556,564,764,227,1816,0.313441073,2.507528583,0,1743281766,724.2190628,Version 3.3
2025-03-29T22:20:30.483618,broadcast_bpf,ISD,8,0,none,0,none,7,1493,530,734,227,1816,0.310694238,2.485553901,0,1743282498,730.6218543,Version 3.3
2025-03-31T13:00:18.695476,broadcast_bpf,ISD,8,0,none,0,none,0,170104,71368,98508,227,1816,0.002402011,0.019216085,0,1743324313,94504.16043,Version 3.3
2025-03-31T21:08:09.045292,broadcast_bpf,ISD,8,2,none,0,none,7,923,4,691,227,1816,32.70813452,261.6650762,0,1743448082,6.940169573,Version 3.3
2025-03-31T21:08:49.891590,broadcast_domain,ISD,8,2,none,0,none,7,1419,6,690,227,1816,21.47073686,171.7658949,0,1743448119,10.57252955,Version 3.3
2025-03-31T21:09:05.784054,broadcast_domain,ISD,8,2,none,0,none,7,1361,6,647,227,1816,22.62439931,180.9951945,0,1743448136,10.03341556,Version 3.3
2025-03-31T21:09:19.098580,broadcast_domain,ISD,8,2,none,0,none,7,1326,6,613,227,1816,23.83930907,190.7144725,0,1743448150,9.522088051,Version 3.3
2025-03-31T21:09:33.346994,broadcast_domain,ISD,8,2,none,0,none,7,1449,7,708,227,1816,21.3668927,170.9351416,0,1743448163,10.62391257,Version 3.3
2025-03-31T21:09:47.384026,broadcast_domain,ISD,8,2,none,0,none,7,1348,5,644,227,1816,22.41475576,179.3180461,0,1743448177,10.12725735,Version 3.3
2025-04-01T01:23:38.485574,broadcast_domain,ISD,8,1,none,0,none,0,616691,8252,10735,38,304,0.00255676,0.020454079,0,1743448554,14862.56138,Version 3.3
2025-04-01T06:36:28.215774,broadcast_domain,ISD,8,1,none,0,none,0,274543,10439,12869,38,304,0.002025399,0.016203192,0,1743463425,18761.7359,Version 3.3
2025-04-01T09:11:15.109334,broadcast_domain,ISD,8,1,none,0,none,4,23637,414,495,38,304,0.052179831,0.417438649,0,1743490746,728.2507281,Version 3.3
2025-04-01T09:29:03.440184,broadcast_domain,ISD,8,1,none,0,none,4,21837,587,698,38,304,0.035837921,0.286703364,0,1743491481,1060.329378,Version 3.3
2025-04-01T09:45:22.425330,broadcast_domain,ISD,8,1,none,0,none,4,46709,542,645,38,304,0.039135505,0.31308404,0,1743492550,970.9852989,Version 3.3
2025-04-01T10:00:06.010128,broadcast_domain,ISD,8,1,none,0,none,4,47201,512,642,38,304,0.043365513,0.346924107,0,1743493529,876.2723417,Version 3.3
2025-04-01T10:18:24.356547,broadcast_domain,ISD,8,1,none,0,none,4,42711,618,774,38,304,0.034851309,0.278810468,0,1743494412,1090.346435,Version 3.3
2025-04-01T10:25:20.769869,broadcast_domain,timestamp,2,1,none,0,none,0,5284,24,3068,149,298,3.135064777,6.270129554,0,1743495873,47.52692866,"Version 3.3, Transmission Attempts Plausbility Check"
2025-04-01T10:26:42.855858,broadcast_domain,timestamp,3,1,none,0,none,0,7035,35,4258,100,300,1.535490261,4.606470783,0,1743495938,65.12577939,"Version 3.3, Transmission Attempts Plausbility Check"
2025-04-01T10:28:59.526691,broadcast_domain,timestamp,4,1,none,0,none,0,19562,70,7537,75,300,0.632634332,2.530537326,0,1743496021,118.5518968,"Version 3.3, Transmission Attempts Plausbility Check"
2025-04-01T10:31:10.264564,broadcast_domain,timestamp,4,1,none,0,none,0,26918,72,7385,75,300,0.614130212,2.456520848,0,1743496148,122.1239381,Version 3.3
2025-04-01T10:33:31.083529,broadcast_domain,timestamp,4,1,none,0,none,0,18985,111,8161,75,300,0.564573047,2.258292187,0,1743496278,132.8437488,Version 3.3
2025-04-01T10:35:24.930208,broadcast_domain,timestamp,4,1,none,0,none,0,23253,74,6582,75,300,0.697462888,2.789851551,0,1743496417,107.5326033,Version 3.3
2025-04-01T10:39:32.368653,broadcast_domain,timestamp,5,1,none,0,none,0,33017,133,11931,61,305,0.307235242,1.536176212,0,1743496574,198.5449309,Version 3.3
2025-04-01T10:43:15.877073,broadcast_domain,timestamp,5,1,none,0,none,0,22021,153,13361,61,305,0.280802807,1.404014035,0,1743496779,217.2342956,Version 3.3
2025-04-01T10:47:02.874243,broadcast_domain,timestamp,5,1,none,0,none,0,28788,150,13533,61,305,0.276344812,1.381724059,0,1743497002,220.7387199,Version 3.3
2025-04-01T10:49:49.362623,broadcast_domain,timestamp,5,1,none,0,none,0,16874,110,9855,61,305,0.38069507,1.903475352,0,1743497229,160.233228,"Version 3.3, Transmission Attempts Plausbility Check"
2025-04-01T10:58:57.666651,broadcast_domain,timestamp,6,1,none,0,none,0,55700,241,21467,51,306,0.144496272,0.866977633,0,1743497585,352.9502819,"Version 3.3, Transmission Attempts Plausbility Check"
2025-04-01T11:12:34.378545,broadcast_domain,timestamp,7,1,none,0,none,0,755745,277,26348,44,308,0.058944025,0.412608175,0,1743498008,746.4709103,"Version 3.3, Transmission Attempts Plausbility Check"
2025-04-01T20:58:43.360181,broadcast_domain,timestamp,8,1,none,0,none,0,110759,768,61294,38,304,0.038039861,0.304318887,0,1743532924,998.9521291,"Version 3.3, Transmission Attempts Plausbility Check"
2025-04-01T21:13:27.693695,broadcast_domain,timestamp,8,1,none,0,none,0,224370,520,50785,38,304,0.043279978,0.346239822,0,1743533930,878.0041482,Version 3.3
2025-04-01T21:41:38.252727,broadcast_domain,ISD,8,1,none,0,none,0,135183,511,52042,38,304,0.045108397,0.360867176,0,1743535656,842.415216,Version 3.3
2025-04-01T22:58:21.752116,broadcast_domain,ISD,8,1,none,0,none,2,37809,2369,3980,38,304,0.009008453,0.072067625,0,1743536882,4218.260281,Version 3.3
2025-04-01T23:54:01.888470,broadcast_domain,ISD,8,1,none,0,none,2,193672,1878,2720,38,304,0.011400985,0.091207877,0,1743541108,3333.045472,Version 3.3
2025-04-02T00:58:45.061694,broadcast_domain,ISD,8,1,none,0,none,2,36489,2152,3298,38,304,0.00980602,0.078448157,0,1743544448,3875.170683,Version 3.3
2025-04-02T02:10:54.486152,broadcast_domain,ISD,8,1,none,0,none,2,94436,2414,3273,38,304,0.008793399,0.070347192,0,1743548331,4321.423402,Version 3.3
2025-04-02T03:04:17.591540,broadcast_domain,ISD,8,1,none,0,none,2,49353,1780,2882,38,304,0.011893202,0.09514562,0,1743552661,3195.102419,Version 3.3
2025-04-02T04:56:02.023022,broadcast_domain,ISD,8,1,none,0,none,2,116386,3734,5498,38,304,0.005673466,0.045387724,0,1743555864,6697.846296,Version 3.3
2025-04-02T05:51:39.063541,broadcast_domain,ISD,8,1,none,0,none,2,34104,1845,2577,38,304,0.011409093,0.091272745,0,1743562568,3330.676648,Version 3.3
2025-04-02T06:38:26.009589,broadcast_domain,ISD,8,1,none,0,none,2,27003,1590,2456,38,304,0.013576542,0.108612339,0,1743565905,2798.945344,Version 3.3
2025-04-02T07:49:07.450077,broadcast_domain,ISD,8,1,none,0,none,2,42614,2343,3457,38,304,0.008976158,0.071809261,0,1743568712,4233.437259,Version 3.3
2025-04-02T08:03:48.489005,broadcast_domain,ISD,8,1,none,0,none,4,67991,415,742,38,304,0.051601756,0.412814046,0,1743573092,736.4090512,Version 3.3
2025-04-02T08:19:22.108508,broadcast_domain,ISD,8,1,none,0,none,4,32385,519,818,38,304,0.041019574,0.328156592,0,1743573835,926.3869984,Version 3.3
2025-04-02T08:27:15.519391,broadcast_domain,ISD,8,1,none,0,none,4,5223,263,693,38,304,0.081337036,0.650696292,0,1743574768,467.1918435,Version 3.3
2025-04-02T08:44:05.989863,broadcast_domain,ISD,8,1,none,0,none,4,14389,556,841,38,304,0.037854473,0.302835783,0,1743575242,1003.844382,Version 3.3
2025-04-02T08:53:34.895735,broadcast_domain,ISD,8,1,none,0,none,4,9608,314,625,38,304,0.06756228,0.540498241,0,1743576252,562.4440141,Version 3.3
2025-04-02T09:05:36.061597,broadcast_domain,ISD,8,1,none,0,none,4,18797,406,776,38,304,0.053216552,0.425732412,0,1743576821,714.063556,Version 3.3
2025-04-02T09:17:14.313956,broadcast_domain,ISD,8,1,none,0,none,4,11241,387,756,38,304,0.054958505,0.439668041,0,1743577542,691.4307427,Version 3.3
2025-04-02T09:31:41.420476,broadcast_domain,ISD,8,1,none,0,none,4,17636,489,810,38,304,0.044171027,0.353368213,0,1743578241,860.2924347,Version 3.3
2025-04-02T09:41:22.951206,broadcast_domain,ISD,8,1,none,0,none,4,7150,322,577,38,304,0.066081076,0.528648608,0,1743579108,575.0511689,Version 3.3
2025-04-02T09:54:47.127275,broadcast_domain,ISD,8,1,none,0,none,4,12103,442,671,38,304,0.047647899,0.381183192,0,1743579689,797.5168009,Version 3.3
2025-04-02T10:07:33.583275,broadcast_domain,ISD,8,1,none,0,none,4,17663,419,647,38,304,0.049984535,0.399876277,0,1743580493,760.2351458,Version 3.3
2025-04-02T10:23:30.397041,broadcast_domain,ISD,8,1,none,0,none,4,13345,525,787,38,304,0.039986867,0.319894932,0,1743581260,950.3120217,Version 3.3
2025-04-02T10:42:34.266778,broadcast_domain,ISD,8,1,none,0,none,6,3560,160,295,38,304,0.151949814,1.215598513,0,1743583103,250.0825698,Version 3.3
2025-04-02T10:46:47.327031,broadcast_domain,ISD,8,1,none,0,none,6,5919,135,222,38,304,0.154420852,1.235366815,0,1743583360,246.0807562,Version 3.3
2025-04-02T21:56:22.104807,broadcast_domain,ISD,8,1,none,0,none,7,266613,433,566,227,1816,0.285782604,2.28626083,0,1743622986,794.31007,Version 3.3
2025-04-02T22:08:29.152124,broadcast_domain,ISD,8,1,none,0,none,7,51369,408,556,227,1816,0.315036672,2.520293372,0,1743623789,720.5510359,Version 3.3
2025-04-02T22:21:51.166295,broadcast_domain,ISD,8,1,none,0,none,7,55920,447,582,227,1816,0.285590326,2.284722604,0,1743624515,794.844852,Version 3.3
2025-04-04T03:47:27.076465,broadcast_domain,ISD,8,1,none,0,none,0,1991384,59439,78348,227,1816,0.002146158,0.017169261,0,1743625476,105770.4252,Version 3.3
2025-04-05T02:46:07.473294,broadcast_domain,ISD,8,1,none,0,none,0,1892330,47524,69580,227,1816,0.00274442,0.021955363,0,1743731253,82713.27698,Version 3.3
2025-04-05T09:09:27.106094,broadcast_bpf,ISD,2,1,none,0,none,0,8208,3067,4245,905,1810,0.240938037,0.481876075,0,1743833211,3756.152454,"Version 3.3, Transmission Attempts Plausbility Check"
2025-04-05T10:44:59.400255,broadcast_bpf,ISD,3,1,none,0,none,0,12367,4834,6927,604,1812,0.10917857,0.327535711,0,1743837167,5532.221188,"Version 3.3, Transmission Attempts Plausbility Check"
2025-04-05T12:12:27.480304,broadcast_bpf,ISD,4,1,none,0,none,0,11961,4171,7336,453,1812,0.08758598,0.350343919,0,1743842774,5172.06066,"Version 3.3, Transmission Attempts Plausbility Check"
2025-04-05T15:42:11.286323,broadcast_bpf,ISD,4,1,clockhash,4,none,0,16191,6693,9043,453,1812,0.047299403,0.189197613,0,1743850952,9577.287829,"Version 3.3, Transmission Attempts Plausbility Check"
2025-04-05T18:23:11.759589,broadcast_bpf,ISD,3,1,clockhash,4,none,0,11148,4361,6181,604,1812,0.103936621,0.311809862,0,1743864380,5811.233773,"Version 3.3, Transmission Attempts Plausbility Check"
2025-04-05T20:02:44.174404,broadcast_bpf,ISD,2,1,clockhash,4,none,0,8176,2945,4332,905,1810,0.23796311,0.47592622,0,1743872359,3803.110487,"Version 3.3, Transmission Attempts Plausbility Check"
2025-04-05T20:18:22.479316,broadcast_domain,ISD,8,1,none,0,none,7,16363,385,641,227,1816,0.395335712,3.162685698,0,1743876527,574.195533,Version 3.3
2025-04-05T20:28:29.995053,broadcast_domain,ISD,8,1,none,0,none,7,10188,342,534,227,1816,0.377534116,3.020272929,0,1743877109,601.2701643,Version 3.3
2025-04-05T20:37:06.809364,broadcast_domain,ISD,8,1,none,0,none,7,9535,282,525,227,1816,0.444964807,3.559718458,0,1743877716,510.152705,Version 3.3
2025-04-05T20:48:09.661049,broadcast_domain,ISD,8,1,none,0,none,7,14731,368,564,227,1816,0.346645675,2.773165396,0,1743878233,654.8473461,Version 3.3
2025-04-05T21:00:22.062339,broadcast_domain,ISD,8,1,none,0,none,7,11599,404,572,227,1816,0.312576119,2.500608956,0,1743878896,726.223105,Version 3.3
2025-04-05T21:13:03.461880,broadcast_domain,ISD,8,1,none,0,none,7,16271,417,594,227,1816,0.300694923,2.405559383,0,1743879628,754.9179673,Version 3.3
2025-04-05T21:24:47.680616,broadcast_domain,ISD,8,1,none,0,none,7,14159,389,549,227,1816,0.326047343,2.608378747,0,1743880390,696.2179101,Version 3.3
2025-04-05T21:37:53.947883,broadcast_domain,ISD,8,1,none,0,none,7,13003,428,557,227,1816,0.291674408,2.333395268,0,1743881094,778.2650566,Version 3.3
2025-04-05T21:49:32.215260,broadcast_domain,ISD,8,1,none,0,none,7,15330,388,577,227,1816,0.328205687,2.6256455,0,1743881880,691.6394465,Version 3.3
2025-04-05T22:00:44.426440,broadcast_domain,ISD,8,1,none,0,none,7,10899,364,556,227,1816,0.341760073,2.734080588,0,1743882578,664.2086587,Version 3.3
2025-04-05T22:11:16.623792,broadcast_domain,ISD,8,1,none,0,none,7,13962,347,537,227,1816,0.362967696,2.903741568,0,1743883251,625.400008,Version 3.3
2025-04-05T22:25:16.910667,broadcast_domain,ISD,8,1,none,0,none,7,19316,449,565,227,1816,0.272742785,2.181942283,0,1743883883,832.2859933,Version 3.3
2025-04-05T22:37:22.233827,broadcast_domain,ISD,8,1,none,0,none,7,13604,398,501,227,1816,0.316454788,2.531638307,0,1743884723,717.3220577,Version 3.3
2025-04-05T22:49:54.368497,broadcast_domain,ISD,8,1,none,0,none,7,15737,423,540,227,1816,0.3046119,2.436895197,0,1743885448,745.210546,Version 3.3
2025-04-05T23:03:23.654176,broadcast_domain,ISD,8,1,none,0,none,7,15855,448,543,227,1816,0.282952751,2.263622004,0,1743886200,802.2540851,Version 3.3
2025-04-05T23:15:51.867218,broadcast_domain,ISD,8,1,none,0,none,7,12435,407,534,227,1816,0.306060552,2.448484412,0,1743887010,741.6833005,Version 3.3
2025-04-05T23:28:42.127571,broadcast_domain,ISD,8,1,none,0,none,7,17009,424,501,227,1816,0.297213554,2.377708434,0,1743887758,763.7605915,Version 3.3
2025-04-05T23:42:32.400103,broadcast_domain,ISD,8,1,none,0,none,7,16550,453,523,227,1816,0.276065261,2.208522089,0,1743888528,822.2693398,Version 3.3
2025-04-05T23:55:30.654522,broadcast_domain,ISD,8,1,none,0,none,7,15083,432,529,227,1816,0.294707738,2.357661903,0,1743889358,770.2546313,Version 3.3
2025-04-06T00:09:00.939821,broadcast_domain,ISD,8,1,none,0,none,7,18673,452,563,227,1816,0.282942426,2.263539405,0,1743890137,802.2833602,Version 3.3
2025-04-06T00:21:58.429592,broadcast_domain,ISD,8,1,none,0,none,7,14344,428,507,227,1816,0.295002063,2.360016501,0,1743890947,769.4861453,Version 3.3
2025-04-06T00:35:25.432351,broadcast_domain,ISD,8,1,none,0,none,7,15713,438,515,227,1816,0.283658126,2.269265011,0,1743891725,800.2591107,Version 3.3
2025-04-06T00:48:05.671855,broadcast_domain,ISD,8,1,none,0,none,7,15648,413,551,227,1816,0.301294695,2.410357558,0,1743892532,753.4151909,Version 3.3
2025-04-06T01:00:03.885447,broadcast_domain,ISD,8,1,none,0,none,7,11028,393,511,227,1816,0.319622649,2.556981195,0,1743893292,710.2124972,Version 3.3
2025-04-06T01:13:32.809582,broadcast_domain,ISD,8,1,none,0,none,7,17771,446,564,227,1816,0.282958017,2.263664133,0,1743894010,802.2391543,Version 3.3
2025-04-06T01:27:28.395560,broadcast_domain,ISD,8,1,none,0,none,7,15919,458,543,227,1816,0.274061491,2.192491932,0,1743894819,828.2812693,Version 3.3
2025-04-06T01:40:38.623601,broadcast_domain,ISD,8,1,none,0,none,7,18263,435,514,227,1816,0.290198279,2.321586229,0,1743895654,782.2237992,Version 3.3
2025-04-06T01:53:40.877973,broadcast_domain,ISD,8,1,none,0,none,7,13904,424,493,227,1816,0.293186033,2.345488265,0,1743896445,774.2524347,Version 3.3
2025-04-06T02:07:37.141000,broadcast_domain,ISD,8,1,none,0,none,7,14471,457,533,227,1816,0.274068361,2.192546887,0,1743897227,828.2605088,Version 3.3
2025-04-06T02:20:35.411521,broadcast_domain,ISD,8,1,none,0,none,7,17113,425,508,227,1816,0.294703271,2.357626167,0,1743898063,770.2663066,Version 3.3
2025-04-06T02:30:47.608956,broadcast_domain,ISD,8,1,none,0,none,7,10348,331,512,227,1816,0.375161751,3.001294009,0,1743898841,605.0723436,Version 3.3
2025-04-06T02:43:54.389154,broadcast_domain,ISD,8,1,none,0,none,7,15273,427,527,227,1816,0.291483446,2.331867571,0,1743899454,778.7749281,Version 3.3
2025-04-06T02:55:30.132946,broadcast_domain,ISD,8,1,none,0,none,7,13956,379,536,227,1816,0.329390207,2.635121656,0,1743900240,689.1522431,Version 3.3
2025-04-06T03:08:20.408948,broadcast_domain,ISD,8,1,none,0,none,7,13326,427,551,227,1816,0.297793802,2.382350416,0,1743900936,762.2724128,Version 3.3
2025-04-06T03:22:16.692352,broadcast_domain,ISD,8,1,none,0,none,7,15761,454,547,227,1816,0.274061587,2.192492693,0,1743901706,828.2809815,Version 3.3
2025-04-06T03:35:56.969456,broadcast_domain,ISD,8,1,none,0,none,7,16086,444,552,227,1816,0.279462463,2.235699704,0,1743902543,812.2736683,Version 3.3
2025-04-06T03:48:35.213351,broadcast_domain,ISD,8,1,none,0,none,7,16064,416,532,227,1816,0.302568655,2.420549237,0,1743903363,750.24295,Version 3.3
2025-04-06T04:02:27.456140,broadcast_domain,ISD,8,1,none,0,none,7,16283,457,550,227,1816,0.275405348,2.203242785,0,1743904121,824.2396219,Version 3.3
2025-04-06T04:15:41.188475,broadcast_domain,ISD,8,1,none,0,none,7,13027,438,531,227,1816,0.288902306,2.311218447,0,1743904953,785.7327385,Version 3.3
2025-04-06T04:29:03.083063,broadcast_domain,ISD,8,1,none,0,none,7,16116,466,589,227,1816,0.285412873,2.283302986,0,1743905747,795.3390379,Version 3.3
2025-04-06T04:41:28.229694,broadcast_domain,ISD,8,1,none,0,none,7,15088,410,531,227,1816,0.307478069,2.459824552,0,1743906549,738.2640355,Version 3.3
2025-04-06T04:54:43.416099,broadcast_domain,ISD,8,1,none,0,none,7,16421,432,531,227,1816,0.288355782,2.306846255,0,1743907294,787.221947,Version 3.3
2025-04-06T05:04:32.612515,broadcast_domain,ISD,8,1,none,0,none,7,10841,321,516,227,1816,0.389416096,3.11532877,0,1743908089,582.9240296,Version 3.3
2025-04-06T05:16:22.824025,broadcast_domain,ISD,8,1,none,0,none,7,13664,386,511,227,1816,0.323265389,2.586123109,0,1743908679,702.2094166,Version 3.3
2025-04-06T05:29:39.077788,broadcast_domain,ISD,8,1,none,0,none,7,13643,433,544,227,1816,0.28797971,2.303837683,0,1743909389,788.2499769,Version 3.3
2025-04-06T05:42:21.334544,broadcast_domain,ISD,8,1,none,0,none,7,15833,417,560,227,1816,0.300958565,2.40766852,0,1743910185,754.2566533,Version 3.3
2025-04-06T05:55:51.615804,broadcast_domain,ISD,8,1,none,0,none,7,15449,438,530,227,1816,0.282623437,2.260987499,0,1743910947,803.1888723,Version 3.3
2025-04-06T06:09:09.863121,broadcast_domain,ISD,8,1,none,0,none,7,15492,439,530,227,1816,0.28712076,2.296966077,0,1743911758,790.6081061,Version 3.3
2025-04-06T06:22:20.130046,broadcast_domain,ISD,8,1,none,0,none,7,14630,425,495,227,1816,0.289892089,2.319136713,0,1743912556,783.0499988,Version 3.3
2025-04-06T06:36:38.409545,broadcast_domain,ISD,8,1,none,0,none,7,16942,469,555,227,1816,0.266971375,2.135771001,0,1743913346,850.2784238,Version 3.3
2025-04-06T06:47:38.638245,broadcast_domain,ISD,8,1,none,0,none,7,15041,362,560,227,1816,0.348038911,2.784311288,0,1743914205,652.2259231,Version 3.3
2025-04-06T07:00:30.379501,broadcast_domain,ISD,8,1,none,0,none,7,11771,434,509,227,1816,0.297222041,2.377776331,0,1743914865,763.7387824,Version 3.3
2025-04-06T07:13:25.167888,broadcast_domain,ISD,8,1,none,0,none,7,28578,421,519,227,1816,0.295476705,2.363813638,0,1743915636,768.250073,Version 3.3
2025-04-06T07:25:57.413590,broadcast_domain,ISD,8,1,none,0,none,7,14812,412,496,227,1816,0.304871043,2.438968344,0,1743916411,744.5771096,Version 3.3
2025-04-06T07:39:53.670338,broadcast_domain,ISD,8,1,none,0,none,7,16432,452,530,227,1816,0.274070675,2.192565397,0,1743917164,828.2535164,Version 3.3
2025-04-06T07:52:41.929225,broadcast_domain,ISD,8,1,none,0,none,7,13195,427,531,227,1816,0.298289696,2.386317566,0,1743918000,761.005168,Version 3.3
2025-04-06T08:06:06.040800,broadcast_domain,ISD,8,1,none,0,none,7,17085,444,551,227,1816,0.285135992,2.281087932,0,1743918768,796.1113529,Version 3.3
2025-04-06T08:17:18.371032,broadcast_domain,ISD,8,1,none,0,none,7,17228,389,557,227,1816,0.340737078,2.725896624,0,1743919572,666.2028134,Version 3.3
2025-04-06T08:29:32.614348,broadcast_domain,ISD,8,1,none,0,none,7,11972,406,518,227,1816,0.312568937,2.500551492,0,1743920244,726.2397938,Version 3.3
2025-04-06T08:39:10.534687,broadcast_domain,ISD,8,1,none,0,none,7,13225,327,583,227,1816,0.39830222,3.186417757,0,1743920979,569.9189932,Version 3.3
2025-04-06T08:49:44.984179,broadcast_domain,ISD,8,1,none,0,none,7,12496,362,566,227,1816,0.361359413,2.890875304,0,1743921557,628.1834424,Version 3.3
2025-04-06T09:01:07.724775,broadcast_domain,ISD,8,1,none,0,none,7,12885,398,583,227,1816,0.3364266,2.691412797,0,1743922191,674.7385619,Version 3.3
2025-04-06T09:12:33.418014,broadcast_domain,ISD,8,1,none,0,none,7,13823,393,548,227,1816,0.334704345,2.677634761,0,1743922874,678.2104962,Version 3.3
2025-04-06T09:23:15.733261,broadcast_domain,ISD,8,1,none,0,none,7,11702,418,586,227,1816,0.357867163,2.862937305,0,1743923560,634.313576,Version 3.3
2025-04-06T09:36:07.853414,broadcast_domain,ISD,8,1,none,0,none,7,15748,445,577,227,1816,0.29702485,2.376198796,0,1743924202,764.245821,Version 3.3
2025-04-06T09:47:50.700691,broadcast_domain,ISD,8,1,none,0,none,7,17091,392,500,227,1816,0.326692037,2.613536298,0,1743924974,694.8439941,Version 3.3
2025-04-06T09:59:30.454847,broadcast_domain,ISD,8,1,none,0,none,7,12811,394,519,227,1816,0.327859365,2.622874922,0,1743925677,692.3700345,Version 3.3
2025-04-06T10:11:55.621199,broadcast_domain,ISD,8,1,none,0,none,7,16188,424,572,227,1816,0.307874044,2.462992355,0,1743926377,737.3145094,Version 3.3
2025-04-07T12:29:15.500588,broadcast_domain,ISD,8,1,none,0,none,0,2077780,53559,74376,227,1816,0.002410309,0.019282468,0,1743927576,94178.81566,Version 3.3
2025-04-09T21:22:19.868085,broadcast_domain,ISD,8,1,none,0,none,0,882519,46239,64129,227,1816,0.002749273,0.021994185,0,1744143971,82567.27718,Version 3.3
2025-04-12T01:28:53.768820,broadcast_domain,ISD,8,1,none,0,none,0,1563119,55395,70662,227,1816,0.002299368,0.018394941,0,1744315409,98722.7953,Version 3.3
2025-04-14T22:14:35.424075,broadcast_domain,ISD,8,1,none,0,none,0,514609,52602,71901,227,1816,0.002454701,0.019637606,0,1744569198,92475.63039,Version 3.3
2025-04-15T23:39:28.374526,broadcast_domain,ISD,8,1,none,0,none,0,744498,51754,69098,227,1816,0.002481239,0.01984991,0,1744661681,91486.5617,Version 3.3
2025-04-16T22:48:57.710686,broadcast_domain,ISD,8,1,none,0,none,0,835898,47032,64865,227,1816,0.002723087,0.0217847,0,1744753175,83361.25978,Version 3.3
2025-04-17T22:48:07.647997,broadcast_domain,ISD,8,1,none,0,none,0,375487,22383,71949,227,1816,0.006007089,0.04805671,0,1744885099,37788.68742,Version 3.3
2025-04-18T08:42:44.153933,broadcast_domain,ISD,8,1,none,0,none,0,225803,20565,67099,227,1816,0.006363856,0.050910844,0,1744922894,35670.20013,Version 3.3
2025-05-12T08:23:28.302630,broadcast_domain,ISD,8,1,none,0,none,6,21333,678,1352,227,1816,0.2783949604273673,2.227159683418938,0,1747030192.6824038,815.3883233070374,Version 3.3
2025-05-12T08:35:54.762392,broadcast_domain,ISD,8,1,none,0,none,6,16967,595,1200,227,1816,0.30734228526577156,2.4587382821261725,0,1747031014.5854993,738.5902001857758,Version 3.3
2025-05-12T08:48:01.110467,broadcast_domain,ISD,8,1,none,0,none,6,4710,573,1406,227,1816,0.31528220837194354,2.5222576669755483,0,1747031760.8015583,719.9898819923401,Version 3.3
2025-05-12T09:00:15.259051,broadcast_domain,ISD,8,1,none,0,none,6,3565,559,1278,227,1816,0.31178198577623717,2.4942558862098974,0,1747032487.1269755,728.0728533267975,Version 3.3
2025-05-12T09:14:41.278576,broadcast_domain,ISD,8,1,none,0,none,6,9002,652,1332,227,1816,0.2642101199371249,2.113680959496999,0,1747033221.2604017,859.1646680831909,Version 3.3
2025-05-12T09:28:44.121224,broadcast_domain,ISD,8,1,none,0,none,6,4298,649,1299,227,1816,0.27153891790160845,2.1723113432128676,0,1747034087.2744944,835.9759321212769,Version 3.3
2025-05-12T09:41:45.108580,broadcast_domain,ISD,8,1,none,0,none,6,3990,598,1233,227,1816,0.2929466017600193,2.3435728140801544,0,1747034930.1355903,774.8852474689484,Version 3.3
2025-05-12T09:54:59.917917,broadcast_domain,ISD,8,1,none,0,none,6,3660,560,1194,227,1816,0.2878448244586648,2.3027585956693186,0,1747035711.1243906,788.6193556785583,Version 3.3
2025-05-12T10:08:57.948857,broadcast_domain,ISD,8,1,none,0,none,6,5480,617,1267,227,1816,0.2729239914138968,2.1833919313111743,0,1747036506.025368,831.7334024906158,Version 3.3
2025-05-12T10:22:57.113067,broadcast_domain,ISD,8,1,none,0,none,6,4297,642,1308,227,1816,0.27251468015987695,2.1801174412790156,0,1747037343.9419165,832.9826483726501,Version 3.3
2025-05-12T10:37:02.550734,broadcast_domain,ISD,8,1,none,0,none,6,3992,605,1278,227,1816,0.2704609617909101,2.163687694327281,0,1747038183.1221173,839.3078191280365,Version 3.3
2025-05-12T10:49:40.756680,broadcast_domain,ISD,8,1,none,0,none,6,3930,594,1217,227,1816,0.30200610281675494,2.4160488225340395,0,1747039028.652359,751.6404399871826,Version 3.3
2025-05-12T11:02:14.932031,broadcast_domain,ISD,8,1,none,0,none,6,3679,556,1288,227,1816,0.30367767001258056,2.4294213601006445,0,1747039786.7528033,747.5031008720398,Version 3.3
2025-05-12T11:16:37.159160,broadcast_domain,ISD,8,1,none,0,none,6,4435,632,1310,227,1816,0.2651725898844854,2.121380719075883,0,1747040541.0384943,856.0462455749512,Version 3.3
2025-05-12T11:29:17.392197,broadcast_domain,ISD,8,1,none,0,none,6,3602,564,1165,227,1816,0.3014441145333881,2.4115529162671048,0,1747041403.2647977,753.0417382717133,Version 3.3
2025-05-12T11:44:01.628759,broadcast_domain,ISD,8,1,none,0,none,6,4541,647,1337,227,1816,0.2586873138454716,2.069498510763773,0,1747042163.5222242,877.5072755813599,Version 3.3
2025-05-12T11:58:08.590987,broadcast_domain,ISD,8,1,none,0,none,6,3924,616,1289,227,1816,0.2705724854157097,2.1645798833256777,0,1747043047.7340329,838.9618761539459,Version 3.3
2025-05-12T12:12:06.531210,broadcast_domain,ISD,8,1,none,0,none,6,4501,618,1276,227,1816,0.27327148939755613,2.186171915180449,0,1747043894.5988991,830.6757521629333,Version 3.3
2025-05-12T12:26:08.276676,broadcast_domain,ISD,8,1,none,0,none,6,4151,606,1288,227,1816,0.27165440198867385,2.173235215909391,0,1747044732.537106,835.6205470561981,Version 3.3
2025-05-12T12:40:53.046990,broadcast_domain,ISD,8,1,none,0,none,6,4671,667,1375,227,1816,0.2585626394131973,2.0685011153055783,0,1747045574.3801696,877.930394411087,Version 3.3
2025-05-12T12:54:30.873391,broadcast_domain,ISD,8,1,none,0,none,6,3837,590,1242,227,1816,0.28013785248928075,2.241102819914246,0,1747046459.0951157,810.3153429031372,Version 3.3
2025-05-12T13:08:38.955424,broadcast_domain,ISD,8,1,none,0,none,6,3713,617,1282,227,1816,0.2698062976881955,2.158450381505564,0,1747047276.9835079,841.344334602356,Version 3.3
2025-05-12T13:21:14.341789,broadcast_domain,ISD,8,1,none,0,none,6,4213,586,1187,227,1816,0.30317902318625983,2.4254321854900787,0,1747048125.0813298,748.7325396537781,Version 3.3
2025-05-12T13:35:08.617821,broadcast_domain,ISD,8,1,none,0,none,6,3882,599,1238,227,1816,0.27416649008024147,2.1933319206419317,0,1747048880.4007437,827.9640591144562,Version 3.3
2025-05-12T13:50:02.618243,broadcast_domain,ISD,8,1,none,0,none,6,4635,644,1341,227,1816,0.255842173009235,2.04673738407388,0,1747049714.6363018,887.2657597064972,Version 3.3
2025-05-12T14:04:51.837939,broadcast_domain,ISD,8,1,none,0,none,6,4098,652,1350,227,1816,0.25703203097796024,2.056256247823682,0,1747050608.6409452,883.1584107875824,Version 3.3
2025-05-12T14:19:20.608577,broadcast_domain,ISD,8,1,none,0,none,6,5623,662,1350,227,1816,0.26311839079002497,2.1049471263201998,0,1747051497.8677735,862.729508638382,Version 3.3
2025-05-12T14:33:08.561851,broadcast_domain,ISD,8,1,none,0,none,6,4924,617,1281,227,1816,0.2765099649926382,2.2120797199411055,0,1747052366.721567,820.9469051361084,Version 3.3
2025-05-12T14:47:34.619489,broadcast_domain,ISD,8,1,none,0,none,6,4537,606,1278,227,1816,0.26447537026825835,2.115802962146067,0,1747053194.6035132,858.302985906601,Version 3.3
2025-05-12T14:59:33.107859,broadcast_domain,ISD,8,1,none,0,none,6,3858,544,1262,227,1816,0.3190480613658898,2.5523844909271185,0,1747054060.6157005,711.4915509223938,Version 3.3
2025-05-12T15:12:21.040613,broadcast_domain,ISD,8,1,none,0,none,6,4262,555,1155,227,1816,0.29819459883506755,2.3855567906805404,0,1747054779.104553,761.2478592395782,Version 3.3
2025-05-12T15:25:43.113194,broadcast_domain,ISD,8,1,none,0,none,6,3870,560,1183,227,1816,0.2854061077975509,2.283248862380407,0,1747055547.0327482,795.3578910827637,Version 3.3
2025-05-12T15:39:11.330545,broadcast_domain,ISD,8,1,none,0,none,6,4345,619,1258,227,1816,0.28319247180927437,2.265539774474195,0,1747056349.2236285,801.5749802589417,Version 3.3
2025-05-12T15:53:08.626142,broadcast_domain,ISD,8,1,none,0,none,6,3905,694,1413,227,1816,0.27315955432743255,2.1852764346194604,0,1747057157.4379702,831.0161457061768,Version 3.3
2025-05-12T16:06:33.773752,broadcast_domain,ISD,8,1,none,0,none,6,4623,710,1395,227,1816,0.2841313459468119,2.273050767574495,0,1747057994.6273236,798.9262826442719,Version 3.3
2025-05-12T16:19:39.609606,broadcast_domain,ISD,8,1,none,0,none,6,4708,622,1306,227,1816,0.29150975145618496,2.3320780116494797,0,1747058799.871353,778.7046535015106,Version 3.3
2025-05-12T16:34:28.613476,broadcast_domain,ISD,8,1,none,0,none,6,4811,633,1326,227,1816,0.2571618722031293,2.0572949776250344,0,1747059585.6161554,882.7125034332275,Version 3.3
2025-05-12T16:48:06.970240,broadcast_domain,ISD,8,1,none,0,none,6,4320,580,1225,227,1816,0.27955609331339654,2.2364487465071723,0,1747060474.7019734,812.0016176700592,Version 3.3
2025-05-12T17:01:28.617597,broadcast_domain,ISD,8,1,none,0,none,6,4063,591,1217,227,1816,0.2856695635639501,2.285356508511601,0,1747061293.0221727,794.6243805885315,Version 3.3
2025-05-12T17:16:04.023269,broadcast_domain,ISD,8,1,none,0,none,6,5031,651,1373,227,1816,0.26126274988267567,2.0901019990614054,0,1747062094.6366792,868.8571183681488,Version 3.3
2025-05-12T17:28:10.991474,broadcast_domain,ISD,8,1,none,0,none,6,4035,603,1313,227,1816,0.31522619826001275,2.521809586080102,0,1747062970.0681791,720.1178114414215,Version 3.3
